{
  "h01_c3_flat": {
    "dimensions": [8e-9, 8e-9, 3.3e-8],
    "position": [313521.25, 181787.21875, 4311.5],
    "crossSectionScale": 8.031913463326639,
    "projectionOrientation": [
      -0.24557209014892578,
      0.17511530220508575,
      0.5259231328964233,
      0.7952570915222168
    ],
    "projectionScale": 23218.557071742558
  },
  "fish1_full_v240509": {
    "dimensions": [8e-9, 8e-9, 3e-8],
    "position": [36012.56640625, 31434.515625, 4344.5],
    "crossSectionScale": 3.244521169873426,
    "projectionOrientation": [
      -0.9953426122665405,
      -0.00016468977264594287,
      0.012358397245407104,
      -0.09560522437095642
    ],
    "projectionScale": 32237.35182935765
  },
  "fish1_full": {
    "dimensions": [8e-9, 8e-9, 3e-8],
    "position": [36012.56640625, 31434.515625, 4344.5],
    "crossSectionScale": 3.244521169873426,
    "projectionOrientation": [
      -0.9953426122665405,
      -0.00016468977264594287,
      0.012358397245407104,
      -0.09560522437095642
    ],
    "projectionScale": 32237.35182935765
  }
}