theme,sequence,slug,code,title,item,center_art_status,center_art_path,short_image_prompt,rich_image_prompt,negative_image_prompt
building,1,charcoal,CHA,Charcoal,Charcoal,placeholder,C:\Users\amyle\Documents\New project\static\badges\pyr\center-art\building\charcoal.png,"Charcoal. Subject: a single Charcoal. Centered premium holographic sci-fi render, dark transparent background, crisp silhouette, badge-ready.","Create a premium center illustration for a game badge about Charcoal. Primary subject: a single Charcoal. Visual goal: one instantly readable hero object that clearly represents the named item at small size. Style: polished holographic sci-fi prop render, fabrication achievement, maker prestige, forged sci-fi craftsmanship, collectible game achievement art, clean high-contrast silhouette, premium materials, subtle bevels, luminous edge lighting, restrained reflections, elegant futuristic finish. Composition: one centered object only, large in frame, isolated on a dark transparent background, no container, no scene, no additional props, no decorative frame. Color direction: blue, teal, green, purple, golden yellow, yellow accents, pink, all hues of blue, and electric cyan glow accents. Rendering notes: object should feel dimensional and cool, but still simple enough to read inside a badge shell; emphasize iconic shape first, surface detail second.","no text, no letters, no numbers, no logo, no badge frame, no border, no background scene, no landscape, no room interior, no people, no hands, no character, no extra objects, no collage, no cropped object, no cut-off edges, no low detail, no blurry render, no watercolor, no sketch lines, no photobash clutter"
building,2,stylus,STY,Stylus,Stylus,placeholder,C:\Users\amyle\Documents\New project\static\badges\pyr\center-art\building\stylus.png,"Stylus. Subject: a single Stylus. Centered premium holographic sci-fi render, dark transparent background, crisp silhouette, badge-ready.","Create a premium center illustration for a game badge about Stylus. Primary subject: a single Stylus. Visual goal: one instantly readable hero object that clearly represents the named item at small size. Style: polished holographic sci-fi prop render, fabrication achievement, maker prestige, forged sci-fi craftsmanship, collectible game achievement art, clean high-contrast silhouette, premium materials, subtle bevels, luminous edge lighting, restrained reflections, elegant futuristic finish. Composition: one centered object only, large in frame, isolated on a dark transparent background, no container, no scene, no additional props, no decorative frame. Color direction: blue, teal, green, purple, golden yellow, yellow accents, pink, all hues of blue, and electric cyan glow accents. Rendering notes: object should feel dimensional and cool, but still simple enough to read inside a badge shell; emphasize iconic shape first, surface detail second.","no text, no letters, no numbers, no logo, no badge frame, no border, no background scene, no landscape, no room interior, no people, no hands, no character, no extra objects, no collage, no cropped object, no cut-off edges, no low detail, no blurry render, no watercolor, no sketch lines, no photobash clutter"
building,3,twine,TWI,Twine,Twine,placeholder,C:\Users\amyle\Documents\New project\static\badges\pyr\center-art\building\twine.png,"Twine. Subject: a single Twine. Centered premium holographic sci-fi render, dark transparent background, crisp silhouette, badge-ready.","Create a premium center illustration for a game badge about Twine. Primary subject: a single Twine. Visual goal: one instantly readable hero object that clearly represents the named item at small size. Style: polished holographic sci-fi prop render, fabrication achievement, maker prestige, forged sci-fi craftsmanship, collectible game achievement art, clean high-contrast silhouette, premium materials, subtle bevels, luminous edge lighting, restrained reflections, elegant futuristic finish. Composition: one centered object only, large in frame, isolated on a dark transparent background, no container, no scene, no additional props, no decorative frame. Color direction: blue, teal, green, purple, golden yellow, yellow accents, pink, all hues of blue, and electric cyan glow accents. Rendering notes: object should feel dimensional and cool, but still simple enough to read inside a badge shell; emphasize iconic shape first, surface detail second.","no text, no letters, no numbers, no logo, no badge frame, no border, no background scene, no landscape, no room interior, no people, no hands, no character, no extra objects, no collage, no cropped object, no cut-off edges, no low detail, no blurry render, no watercolor, no sketch lines, no photobash clutter"
building,4,play-dough,PD,Play Dough,Play Dough,placeholder,C:\Users\amyle\Documents\New project\static\badges\pyr\center-art\building\play-dough.png,"Play Dough. Subject: a single Play Dough. Centered premium holographic sci-fi render, dark transparent background, crisp silhouette, badge-ready.","Create a premium center illustration for a game badge about Play Dough. Primary subject: a single Play Dough. Visual goal: one instantly readable hero object that clearly represents the named item at small size. Style: polished holographic sci-fi prop render, fabrication achievement, maker prestige, forged sci-fi craftsmanship, collectible game achievement art, clean high-contrast silhouette, premium materials, subtle bevels, luminous edge lighting, restrained reflections, elegant futuristic finish. Composition: one centered object only, large in frame, isolated on a dark transparent background, no container, no scene, no additional props, no decorative frame. Color direction: blue, teal, green, purple, golden yellow, yellow accents, pink, all hues of blue, and electric cyan glow accents. Rendering notes: object should feel dimensional and cool, but still simple enough to read inside a badge shell; emphasize iconic shape first, surface detail second.","no text, no letters, no numbers, no logo, no badge frame, no border, no background scene, no landscape, no room interior, no people, no hands, no character, no extra objects, no collage, no cropped object, no cut-off edges, no low detail, no blurry render, no watercolor, no sketch lines, no photobash clutter"
building,5,mallet,MAL,Mallet,Mallet,placeholder,C:\Users\amyle\Documents\New project\static\badges\pyr\center-art\building\mallet.png,"Mallet. Subject: a single Mallet. Centered premium holographic sci-fi render, dark transparent background, crisp silhouette, badge-ready.","Create a premium center illustration for a game badge about Mallet. Primary subject: a single Mallet. Visual goal: one instantly readable hero object that clearly represents the named item at small size. Style: polished holographic sci-fi prop render, fabrication achievement, maker prestige, forged sci-fi craftsmanship, collectible game achievement art, clean high-contrast silhouette, premium materials, subtle bevels, luminous edge lighting, restrained reflections, elegant futuristic finish. Composition: one centered object only, large in frame, isolated on a dark transparent background, no container, no scene, no additional props, no decorative frame. Color direction: blue, teal, green, purple, golden yellow, yellow accents, pink, all hues of blue, and electric cyan glow accents. Rendering notes: object should feel dimensional and cool, but still simple enough to read inside a badge shell; emphasize iconic shape first, surface detail second.","no text, no letters, no numbers, no logo, no badge frame, no border, no background scene, no landscape, no room interior, no people, no hands, no character, no extra objects, no collage, no cropped object, no cut-off edges, no low detail, no blurry render, no watercolor, no sketch lines, no photobash clutter"
building,6,awl,AWL,Awl,Awl,placeholder,C:\Users\amyle\Documents\New project\static\badges\pyr\center-art\building\awl.png,"Awl. Subject: a single Awl. Centered premium holographic sci-fi render, dark transparent background, crisp silhouette, badge-ready.","Create a premium center illustration for a game badge about Awl. Primary subject: a single Awl. Visual goal: one instantly readable hero object that clearly represents the named item at small size. Style: polished holographic sci-fi prop render, fabrication achievement, maker prestige, forged sci-fi craftsmanship, collectible game achievement art, clean high-contrast silhouette, premium materials, subtle bevels, luminous edge lighting, restrained reflections, elegant futuristic finish. Composition: one centered object only, large in frame, isolated on a dark transparent background, no container, no scene, no additional props, no decorative frame. Color direction: blue, teal, green, purple, golden yellow, yellow accents, pink, all hues of blue, and electric cyan glow accents. Rendering notes: object should feel dimensional and cool, but still simple enough to read inside a badge shell; emphasize iconic shape first, surface detail second.","no text, no letters, no numbers, no logo, no badge frame, no border, no background scene, no landscape, no room interior, no people, no hands, no character, no extra objects, no collage, no cropped object, no cut-off edges, no low detail, no blurry render, no watercolor, no sketch lines, no photobash clutter"
building,7,hammer,HAM,Hammer,Hammer,ready,C:\Users\amyle\Documents\New project\static\badges\pyr\center-art\building\hammer.png,"Hammer. Subject: a single Hammer. Centered premium holographic sci-fi render, dark transparent background, crisp silhouette, badge-ready.","Create a premium center illustration for a game badge about Hammer. Primary subject: a single Hammer. Visual goal: one instantly readable hero object that clearly represents the named item at small size. Style: polished holographic sci-fi prop render, fabrication achievement, maker prestige, forged sci-fi craftsmanship, collectible game achievement art, clean high-contrast silhouette, premium materials, subtle bevels, luminous edge lighting, restrained reflections, elegant futuristic finish. Composition: one centered object only, large in frame, isolated on a dark transparent background, no container, no scene, no additional props, no decorative frame. Color direction: blue, teal, green, purple, golden yellow, yellow accents, pink, all hues of blue, and electric cyan glow accents. Rendering notes: object should feel dimensional and cool, but still simple enough to read inside a badge shell; emphasize iconic shape first, surface detail second.","no text, no letters, no numbers, no logo, no badge frame, no border, no background scene, no landscape, no room interior, no people, no hands, no character, no extra objects, no collage, no cropped object, no cut-off edges, no low detail, no blurry render, no watercolor, no sketch lines, no photobash clutter"
building,8,chisel,CHI,Chisel,Chisel,ready,C:\Users\amyle\Documents\New project\static\badges\pyr\center-art\building\chisel.png,"Chisel. Subject: a single Chisel. Centered premium holographic sci-fi render, dark transparent background, crisp silhouette, badge-ready.","Create a premium center illustration for a game badge about Chisel. Primary subject: a single Chisel. Visual goal: one instantly readable hero object that clearly represents the named item at small size. Style: polished holographic sci-fi prop render, fabrication achievement, maker prestige, forged sci-fi craftsmanship, collectible game achievement art, clean high-contrast silhouette, premium materials, subtle bevels, luminous edge lighting, restrained reflections, elegant futuristic finish. Composition: one centered object only, large in frame, isolated on a dark transparent background, no container, no scene, no additional props, no decorative frame. Color direction: blue, teal, green, purple, golden yellow, yellow accents, pink, all hues of blue, and electric cyan glow accents. Rendering notes: object should feel dimensional and cool, but still simple enough to read inside a badge shell; emphasize iconic shape first, surface detail second.","no text, no letters, no numbers, no logo, no badge frame, no border, no background scene, no landscape, no room interior, no people, no hands, no character, no extra objects, no collage, no cropped object, no cut-off edges, no low detail, no blurry render, no watercolor, no sketch lines, no photobash clutter"
building,9,wrench,WRE,Wrench,Wrench,ready,C:\Users\amyle\Documents\New project\static\badges\pyr\center-art\building\wrench.png,"Wrench. Subject: a single Wrench. Centered premium holographic sci-fi render, dark transparent background, crisp silhouette, badge-ready.","Create a premium center illustration for a game badge about Wrench. Primary subject: a single Wrench. Visual goal: one instantly readable hero object that clearly represents the named item at small size. Style: polished holographic sci-fi prop render, fabrication achievement, maker prestige, forged sci-fi craftsmanship, collectible game achievement art, clean high-contrast silhouette, premium materials, subtle bevels, luminous edge lighting, restrained reflections, elegant futuristic finish. Composition: one centered object only, large in frame, isolated on a dark transparent background, no container, no scene, no additional props, no decorative frame. Color direction: blue, teal, green, purple, golden yellow, yellow accents, pink, all hues of blue, and electric cyan glow accents. Rendering notes: object should feel dimensional and cool, but still simple enough to read inside a badge shell; emphasize iconic shape first, surface detail second.","no text, no letters, no numbers, no logo, no badge frame, no border, no background scene, no landscape, no room interior, no people, no hands, no character, no extra objects, no collage, no cropped object, no cut-off edges, no low detail, no blurry render, no watercolor, no sketch lines, no photobash clutter"
building,10,screwdriver,SCR,Screwdriver,Screwdriver,placeholder,C:\Users\amyle\Documents\New project\static\badges\pyr\center-art\building\screwdriver.png,"Screwdriver. Subject: a single Screwdriver. Centered premium holographic sci-fi render, dark transparent background, crisp silhouette, badge-ready.","Create a premium center illustration for a game badge about Screwdriver. Primary subject: a single Screwdriver. Visual goal: one instantly readable hero object that clearly represents the named item at small size. Style: polished holographic sci-fi prop render, fabrication achievement, maker prestige, forged sci-fi craftsmanship, collectible game achievement art, clean high-contrast silhouette, premium materials, subtle bevels, luminous edge lighting, restrained reflections, elegant futuristic finish. Composition: one centered object only, large in frame, isolated on a dark transparent background, no container, no scene, no additional props, no decorative frame. Color direction: blue, teal, green, purple, golden yellow, yellow accents, pink, all hues of blue, and electric cyan glow accents. Rendering notes: object should feel dimensional and cool, but still simple enough to read inside a badge shell; emphasize iconic shape first, surface detail second.","no text, no letters, no numbers, no logo, no badge frame, no border, no background scene, no landscape, no room interior, no people, no hands, no character, no extra objects, no collage, no cropped object, no cut-off edges, no low detail, no blurry render, no watercolor, no sketch lines, no photobash clutter"
building,11,axe,AXE,Axe,Axe,placeholder,C:\Users\amyle\Documents\New project\static\badges\pyr\center-art\building\axe.png,"Axe. Subject: a single Axe. Centered premium holographic sci-fi render, dark transparent background, crisp silhouette, badge-ready.","Create a premium center illustration for a game badge about Axe. Primary subject: a single Axe. Visual goal: one instantly readable hero object that clearly represents the named item at small size. Style: polished holographic sci-fi prop render, fabrication achievement, maker prestige, forged sci-fi craftsmanship, collectible game achievement art, clean high-contrast silhouette, premium materials, subtle bevels, luminous edge lighting, restrained reflections, elegant futuristic finish. Composition: one centered object only, large in frame, isolated on a dark transparent background, no container, no scene, no additional props, no decorative frame. Color direction: blue, teal, green, purple, golden yellow, yellow accents, pink, all hues of blue, and electric cyan glow accents. Rendering notes: object should feel dimensional and cool, but still simple enough to read inside a badge shell; emphasize iconic shape first, surface detail second.","no text, no letters, no numbers, no logo, no badge frame, no border, no background scene, no landscape, no room interior, no people, no hands, no character, no extra objects, no collage, no cropped object, no cut-off edges, no low detail, no blurry render, no watercolor, no sketch lines, no photobash clutter"
building,12,nail,NAI,Nail,Nail,ready,C:\Users\amyle\Documents\New project\static\badges\pyr\center-art\building\nail.png,"Nail. Subject: a single Nail. Centered premium holographic sci-fi render, dark transparent background, crisp silhouette, badge-ready.","Create a premium center illustration for a game badge about Nail. Primary subject: a single Nail. Visual goal: one instantly readable hero object that clearly represents the named item at small size. Style: polished holographic sci-fi prop render, fabrication achievement, maker prestige, forged sci-fi craftsmanship, collectible game achievement art, clean high-contrast silhouette, premium materials, subtle bevels, luminous edge lighting, restrained reflections, elegant futuristic finish. Composition: one centered object only, large in frame, isolated on a dark transparent background, no container, no scene, no additional props, no decorative frame. Color direction: blue, teal, green, purple, golden yellow, yellow accents, pink, all hues of blue, and electric cyan glow accents. Rendering notes: object should feel dimensional and cool, but still simple enough to read inside a badge shell; emphasize iconic shape first, surface detail second.","no text, no letters, no numbers, no logo, no badge frame, no border, no background scene, no landscape, no room interior, no people, no hands, no character, no extra objects, no collage, no cropped object, no cut-off edges, no low detail, no blurry render, no watercolor, no sketch lines, no photobash clutter"
building,13,bolt,BOL,Bolt,Bolt,placeholder,C:\Users\amyle\Documents\New project\static\badges\pyr\center-art\building\bolt.png,"Bolt. Subject: a metal bolt with threaded shaft and hex head. Centered premium holographic sci-fi render, dark transparent background, crisp silhouette, badge-ready.","Create a premium center illustration for a game badge about Bolt. Primary subject: a metal bolt with threaded shaft and hex head. Visual goal: one instantly readable hero object that clearly represents the named item at small size. Style: polished holographic sci-fi prop render, fabrication achievement, maker prestige, forged sci-fi craftsmanship, collectible game achievement art, clean high-contrast silhouette, premium materials, subtle bevels, luminous edge lighting, restrained reflections, elegant futuristic finish. Composition: one centered object only, large in frame, isolated on a dark transparent background, no container, no scene, no additional props, no decorative frame. Color direction: blue, teal, green, purple, golden yellow, yellow accents, pink, all hues of blue, and electric cyan glow accents. Rendering notes: object should feel dimensional and cool, but still simple enough to read inside a badge shell; emphasize iconic shape first, surface detail second.","no text, no letters, no numbers, no logo, no badge frame, no border, no background scene, no landscape, no room interior, no people, no hands, no character, no extra objects, no collage, no cropped object, no cut-off edges, no low detail, no blurry render, no watercolor, no sketch lines, no photobash clutter"
building,14,nut,NUT,Nut,Nut,placeholder,C:\Users\amyle\Documents\New project\static\badges\pyr\center-art\building\nut.png,"Nut. Subject: a hex nut seen clearly from a slight angle. Centered premium holographic sci-fi render, dark transparent background, crisp silhouette, badge-ready.","Create a premium center illustration for a game badge about Nut. Primary subject: a hex nut seen clearly from a slight angle. Visual goal: one instantly readable hero object that clearly represents the named item at small size. Style: polished holographic sci-fi prop render, fabrication achievement, maker prestige, forged sci-fi craftsmanship, collectible game achievement art, clean high-contrast silhouette, premium materials, subtle bevels, luminous edge lighting, restrained reflections, elegant futuristic finish. Composition: one centered object only, large in frame, isolated on a dark transparent background, no container, no scene, no additional props, no decorative frame. Color direction: blue, teal, green, purple, golden yellow, yellow accents, pink, all hues of blue, and electric cyan glow accents. Rendering notes: object should feel dimensional and cool, but still simple enough to read inside a badge shell; emphasize iconic shape first, surface detail second.","no text, no letters, no numbers, no logo, no badge frame, no border, no background scene, no landscape, no room interior, no people, no hands, no character, no extra objects, no collage, no cropped object, no cut-off edges, no low detail, no blurry render, no watercolor, no sketch lines, no photobash clutter"
building,15,rope,ROP,Rope,Rope,placeholder,C:\Users\amyle\Documents\New project\static\badges\pyr\center-art\building\rope.png,"Rope. Subject: a single Rope. Centered premium holographic sci-fi render, dark transparent background, crisp silhouette, badge-ready.","Create a premium center illustration for a game badge about Rope. Primary subject: a single Rope. Visual goal: one instantly readable hero object that clearly represents the named item at small size. Style: polished holographic sci-fi prop render, fabrication achievement, maker prestige, forged sci-fi craftsmanship, collectible game achievement art, clean high-contrast silhouette, premium materials, subtle bevels, luminous edge lighting, restrained reflections, elegant futuristic finish. Composition: one centered object only, large in frame, isolated on a dark transparent background, no container, no scene, no additional props, no decorative frame. Color direction: blue, teal, green, purple, golden yellow, yellow accents, pink, all hues of blue, and electric cyan glow accents. Rendering notes: object should feel dimensional and cool, but still simple enough to read inside a badge shell; emphasize iconic shape first, surface detail second.","no text, no letters, no numbers, no logo, no badge frame, no border, no background scene, no landscape, no room interior, no people, no hands, no character, no extra objects, no collage, no cropped object, no cut-off edges, no low detail, no blurry render, no watercolor, no sketch lines, no photobash clutter"
building,16,bucket,BUC,Bucket,Bucket,placeholder,C:\Users\amyle\Documents\New project\static\badges\pyr\center-art\building\bucket.png,"Bucket. Subject: a single Bucket. Centered premium holographic sci-fi render, dark transparent background, crisp silhouette, badge-ready.","Create a premium center illustration for a game badge about Bucket. Primary subject: a single Bucket. Visual goal: one instantly readable hero object that clearly represents the named item at small size. Style: polished holographic sci-fi prop render, fabrication achievement, maker prestige, forged sci-fi craftsmanship, collectible game achievement art, clean high-contrast silhouette, premium materials, subtle bevels, luminous edge lighting, restrained reflections, elegant futuristic finish. Composition: one centered object only, large in frame, isolated on a dark transparent background, no container, no scene, no additional props, no decorative frame. Color direction: blue, teal, green, purple, golden yellow, yellow accents, pink, all hues of blue, and electric cyan glow accents. Rendering notes: object should feel dimensional and cool, but still simple enough to read inside a badge shell; emphasize iconic shape first, surface detail second.","no text, no letters, no numbers, no logo, no badge frame, no border, no background scene, no landscape, no room interior, no people, no hands, no character, no extra objects, no collage, no cropped object, no cut-off edges, no low detail, no blurry render, no watercolor, no sketch lines, no photobash clutter"
building,17,trowel,TRO,Trowel,Trowel,placeholder,C:\Users\amyle\Documents\New project\static\badges\pyr\center-art\building\trowel.png,"Trowel. Subject: a single Trowel. Centered premium holographic sci-fi render, dark transparent background, crisp silhouette, badge-ready.","Create a premium center illustration for a game badge about Trowel. Primary subject: a single Trowel. Visual goal: one instantly readable hero object that clearly represents the named item at small size. Style: polished holographic sci-fi prop render, fabrication achievement, maker prestige, forged sci-fi craftsmanship, collectible game achievement art, clean high-contrast silhouette, premium materials, subtle bevels, luminous edge lighting, restrained reflections, elegant futuristic finish. Composition: one centered object only, large in frame, isolated on a dark transparent background, no container, no scene, no additional props, no decorative frame. Color direction: blue, teal, green, purple, golden yellow, yellow accents, pink, all hues of blue, and electric cyan glow accents. Rendering notes: object should feel dimensional and cool, but still simple enough to read inside a badge shell; emphasize iconic shape first, surface detail second.","no text, no letters, no numbers, no logo, no badge frame, no border, no background scene, no landscape, no room interior, no people, no hands, no character, no extra objects, no collage, no cropped object, no cut-off edges, no low detail, no blurry render, no watercolor, no sketch lines, no photobash clutter"
building,18,shovel,SHO,Shovel,Shovel,placeholder,C:\Users\amyle\Documents\New project\static\badges\pyr\center-art\building\shovel.png,"Shovel. Subject: a single Shovel. Centered premium holographic sci-fi render, dark transparent background, crisp silhouette, badge-ready.","Create a premium center illustration for a game badge about Shovel. Primary subject: a single Shovel. Visual goal: one instantly readable hero object that clearly represents the named item at small size. Style: polished holographic sci-fi prop render, fabrication achievement, maker prestige, forged sci-fi craftsmanship, collectible game achievement art, clean high-contrast silhouette, premium materials, subtle bevels, luminous edge lighting, restrained reflections, elegant futuristic finish. Composition: one centered object only, large in frame, isolated on a dark transparent background, no container, no scene, no additional props, no decorative frame. Color direction: blue, teal, green, purple, golden yellow, yellow accents, pink, all hues of blue, and electric cyan glow accents. Rendering notes: object should feel dimensional and cool, but still simple enough to read inside a badge shell; emphasize iconic shape first, surface detail second.","no text, no letters, no numbers, no logo, no badge frame, no border, no background scene, no landscape, no room interior, no people, no hands, no character, no extra objects, no collage, no cropped object, no cut-off edges, no low detail, no blurry render, no watercolor, no sketch lines, no photobash clutter"
building,19,pick-axe,PA,Pick Axe,Pick Axe,placeholder,C:\Users\amyle\Documents\New project\static\badges\pyr\center-art\building\pick-axe.png,"Pick Axe. Subject: a single Pick Axe. Centered premium holographic sci-fi render, dark transparent background, crisp silhouette, badge-ready.","Create a premium center illustration for a game badge about Pick Axe. Primary subject: a single Pick Axe. Visual goal: one instantly readable hero object that clearly represents the named item at small size. Style: polished holographic sci-fi prop render, fabrication achievement, maker prestige, forged sci-fi craftsmanship, collectible game achievement art, clean high-contrast silhouette, premium materials, subtle bevels, luminous edge lighting, restrained reflections, elegant futuristic finish. Composition: one centered object only, large in frame, isolated on a dark transparent background, no container, no scene, no additional props, no decorative frame. Color direction: blue, teal, green, purple, golden yellow, yellow accents, pink, all hues of blue, and electric cyan glow accents. Rendering notes: object should feel dimensional and cool, but still simple enough to read inside a badge shell; emphasize iconic shape first, surface detail second.","no text, no letters, no numbers, no logo, no badge frame, no border, no background scene, no landscape, no room interior, no people, no hands, no character, no extra objects, no collage, no cropped object, no cut-off edges, no low detail, no blurry render, no watercolor, no sketch lines, no photobash clutter"
building,20,ladder,LAD,Ladder,Ladder,placeholder,C:\Users\amyle\Documents\New project\static\badges\pyr\center-art\building\ladder.png,"Ladder. Subject: a single Ladder. Centered premium holographic sci-fi render, dark transparent background, crisp silhouette, badge-ready.","Create a premium center illustration for a game badge about Ladder. Primary subject: a single Ladder. Visual goal: one instantly readable hero object that clearly represents the named item at small size. Style: polished holographic sci-fi prop render, fabrication achievement, maker prestige, forged sci-fi craftsmanship, collectible game achievement art, clean high-contrast silhouette, premium materials, subtle bevels, luminous edge lighting, restrained reflections, elegant futuristic finish. Composition: one centered object only, large in frame, isolated on a dark transparent background, no container, no scene, no additional props, no decorative frame. Color direction: blue, teal, green, purple, golden yellow, yellow accents, pink, all hues of blue, and electric cyan glow accents. Rendering notes: object should feel dimensional and cool, but still simple enough to read inside a badge shell; emphasize iconic shape first, surface detail second.","no text, no letters, no numbers, no logo, no badge frame, no border, no background scene, no landscape, no room interior, no people, no hands, no character, no extra objects, no collage, no cropped object, no cut-off edges, no low detail, no blurry render, no watercolor, no sketch lines, no photobash clutter"
building,21,wheelbarrow,WHE,Wheelbarrow,Wheelbarrow,ready,C:\Users\amyle\Documents\New project\static\badges\pyr\center-art\building\wheelbarrow.png,"Wheelbarrow. Subject: a real wheelbarrow in three-quarter view with a tray, wheel, handles, and support legs. Centered premium holographic sci-fi render, dark transparent background, crisp silhouette, badge-ready.","Create a premium center illustration for a game badge about Wheelbarrow. Primary subject: a real wheelbarrow in three-quarter view with a tray, wheel, handles, and support legs. Visual goal: one instantly readable hero object that clearly represents the named item at small size. Style: polished holographic sci-fi prop render, fabrication achievement, maker prestige, forged sci-fi craftsmanship, collectible game achievement art, clean high-contrast silhouette, premium materials, subtle bevels, luminous edge lighting, restrained reflections, elegant futuristic finish. Composition: one centered object only, large in frame, isolated on a dark transparent background, no container, no scene, no additional props, no decorative frame. Color direction: blue, teal, green, purple, golden yellow, yellow accents, pink, all hues of blue, and electric cyan glow accents. Rendering notes: object should feel dimensional and cool, but still simple enough to read inside a badge shell; emphasize iconic shape first, surface detail second.","no text, no letters, no numbers, no logo, no badge frame, no border, no background scene, no landscape, no room interior, no people, no hands, no character, no extra objects, no collage, no cropped object, no cut-off edges, no low detail, no blurry render, no watercolor, no sketch lines, no photobash clutter"
building,22,saw,SAW,Saw,Saw,placeholder,C:\Users\amyle\Documents\New project\static\badges\pyr\center-art\building\saw.png,"Saw. Subject: a single Saw. Centered premium holographic sci-fi render, dark transparent background, crisp silhouette, badge-ready.","Create a premium center illustration for a game badge about Saw. Primary subject: a single Saw. Visual goal: one instantly readable hero object that clearly represents the named item at small size. Style: polished holographic sci-fi prop render, fabrication achievement, maker prestige, forged sci-fi craftsmanship, collectible game achievement art, clean high-contrast silhouette, premium materials, subtle bevels, luminous edge lighting, restrained reflections, elegant futuristic finish. Composition: one centered object only, large in frame, isolated on a dark transparent background, no container, no scene, no additional props, no decorative frame. Color direction: blue, teal, green, purple, golden yellow, yellow accents, pink, all hues of blue, and electric cyan glow accents. Rendering notes: object should feel dimensional and cool, but still simple enough to read inside a badge shell; emphasize iconic shape first, surface detail second.","no text, no letters, no numbers, no logo, no badge frame, no border, no background scene, no landscape, no room interior, no people, no hands, no character, no extra objects, no collage, no cropped object, no cut-off edges, no low detail, no blurry render, no watercolor, no sketch lines, no photobash clutter"
building,23,hand-plane,HP,Hand Plane,Hand Plane,placeholder,C:\Users\amyle\Documents\New project\static\badges\pyr\center-art\building\hand-plane.png,"Hand Plane. Subject: a single Hand Plane. Centered premium holographic sci-fi render, dark transparent background, crisp silhouette, badge-ready.","Create a premium center illustration for a game badge about Hand Plane. Primary subject: a single Hand Plane. Visual goal: one instantly readable hero object that clearly represents the named item at small size. Style: polished holographic sci-fi prop render, fabrication achievement, maker prestige, forged sci-fi craftsmanship, collectible game achievement art, clean high-contrast silhouette, premium materials, subtle bevels, luminous edge lighting, restrained reflections, elegant futuristic finish. Composition: one centered object only, large in frame, isolated on a dark transparent background, no container, no scene, no additional props, no decorative frame. Color direction: blue, teal, green, purple, golden yellow, yellow accents, pink, all hues of blue, and electric cyan glow accents. Rendering notes: object should feel dimensional and cool, but still simple enough to read inside a badge shell; emphasize iconic shape first, surface detail second.","no text, no letters, no numbers, no logo, no badge frame, no border, no background scene, no landscape, no room interior, no people, no hands, no character, no extra objects, no collage, no cropped object, no cut-off edges, no low detail, no blurry render, no watercolor, no sketch lines, no photobash clutter"
building,24,spokeshave,SPO,Spokeshave,Spokeshave,ready,C:\Users\amyle\Documents\New project\static\badges\pyr\center-art\building\spokeshave.png,"Spokeshave. Subject: a single Spokeshave. Centered premium holographic sci-fi render, dark transparent background, crisp silhouette, badge-ready.","Create a premium center illustration for a game badge about Spokeshave. Primary subject: a single Spokeshave. Visual goal: one instantly readable hero object that clearly represents the named item at small size. Style: polished holographic sci-fi prop render, fabrication achievement, maker prestige, forged sci-fi craftsmanship, collectible game achievement art, clean high-contrast silhouette, premium materials, subtle bevels, luminous edge lighting, restrained reflections, elegant futuristic finish. Composition: one centered object only, large in frame, isolated on a dark transparent background, no container, no scene, no additional props, no decorative frame. Color direction: blue, teal, green, purple, golden yellow, yellow accents, pink, all hues of blue, and electric cyan glow accents. Rendering notes: object should feel dimensional and cool, but still simple enough to read inside a badge shell; emphasize iconic shape first, surface detail second.","no text, no letters, no numbers, no logo, no badge frame, no border, no background scene, no landscape, no room interior, no people, no hands, no character, no extra objects, no collage, no cropped object, no cut-off edges, no low detail, no blurry render, no watercolor, no sketch lines, no photobash clutter"
building,25,file,FIL,File,File,placeholder,C:\Users\amyle\Documents\New project\static\badges\pyr\center-art\building\file.png,"File. Subject: a single File. Centered premium holographic sci-fi render, dark transparent background, crisp silhouette, badge-ready.","Create a premium center illustration for a game badge about File. Primary subject: a single File. Visual goal: one instantly readable hero object that clearly represents the named item at small size. Style: polished holographic sci-fi prop render, fabrication achievement, maker prestige, forged sci-fi craftsmanship, collectible game achievement art, clean high-contrast silhouette, premium materials, subtle bevels, luminous edge lighting, restrained reflections, elegant futuristic finish. Composition: one centered object only, large in frame, isolated on a dark transparent background, no container, no scene, no additional props, no decorative frame. Color direction: blue, teal, green, purple, golden yellow, yellow accents, pink, all hues of blue, and electric cyan glow accents. Rendering notes: object should feel dimensional and cool, but still simple enough to read inside a badge shell; emphasize iconic shape first, surface detail second.","no text, no letters, no numbers, no logo, no badge frame, no border, no background scene, no landscape, no room interior, no people, no hands, no character, no extra objects, no collage, no cropped object, no cut-off edges, no low detail, no blurry render, no watercolor, no sketch lines, no photobash clutter"
building,26,rasp,RAS,Rasp,Rasp,placeholder,C:\Users\amyle\Documents\New project\static\badges\pyr\center-art\building\rasp.png,"Rasp. Subject: a single Rasp. Centered premium holographic sci-fi render, dark transparent background, crisp silhouette, badge-ready.","Create a premium center illustration for a game badge about Rasp. Primary subject: a single Rasp. Visual goal: one instantly readable hero object that clearly represents the named item at small size. Style: polished holographic sci-fi prop render, fabrication achievement, maker prestige, forged sci-fi craftsmanship, collectible game achievement art, clean high-contrast silhouette, premium materials, subtle bevels, luminous edge lighting, restrained reflections, elegant futuristic finish. Composition: one centered object only, large in frame, isolated on a dark transparent background, no container, no scene, no additional props, no decorative frame. Color direction: blue, teal, green, purple, golden yellow, yellow accents, pink, all hues of blue, and electric cyan glow accents. Rendering notes: object should feel dimensional and cool, but still simple enough to read inside a badge shell; emphasize iconic shape first, surface detail second.","no text, no letters, no numbers, no logo, no badge frame, no border, no background scene, no landscape, no room interior, no people, no hands, no character, no extra objects, no collage, no cropped object, no cut-off edges, no low detail, no blurry render, no watercolor, no sketch lines, no photobash clutter"
building,27,clamp,CLA,Clamp,Clamp,placeholder,C:\Users\amyle\Documents\New project\static\badges\pyr\center-art\building\clamp.png,"Clamp. Subject: a single Clamp. Centered premium holographic sci-fi render, dark transparent background, crisp silhouette, badge-ready.","Create a premium center illustration for a game badge about Clamp. Primary subject: a single Clamp. Visual goal: one instantly readable hero object that clearly represents the named item at small size. Style: polished holographic sci-fi prop render, fabrication achievement, maker prestige, forged sci-fi craftsmanship, collectible game achievement art, clean high-contrast silhouette, premium materials, subtle bevels, luminous edge lighting, restrained reflections, elegant futuristic finish. Composition: one centered object only, large in frame, isolated on a dark transparent background, no container, no scene, no additional props, no decorative frame. Color direction: blue, teal, green, purple, golden yellow, yellow accents, pink, all hues of blue, and electric cyan glow accents. Rendering notes: object should feel dimensional and cool, but still simple enough to read inside a badge shell; emphasize iconic shape first, surface detail second.","no text, no letters, no numbers, no logo, no badge frame, no border, no background scene, no landscape, no room interior, no people, no hands, no character, no extra objects, no collage, no cropped object, no cut-off edges, no low detail, no blurry render, no watercolor, no sketch lines, no photobash clutter"
building,28,vise,VIS,Vise,Vise,placeholder,C:\Users\amyle\Documents\New project\static\badges\pyr\center-art\building\vise.png,"Vise. Subject: a single Vise. Centered premium holographic sci-fi render, dark transparent background, crisp silhouette, badge-ready.","Create a premium center illustration for a game badge about Vise. Primary subject: a single Vise. Visual goal: one instantly readable hero object that clearly represents the named item at small size. Style: polished holographic sci-fi prop render, fabrication achievement, maker prestige, forged sci-fi craftsmanship, collectible game achievement art, clean high-contrast silhouette, premium materials, subtle bevels, luminous edge lighting, restrained reflections, elegant futuristic finish. Composition: one centered object only, large in frame, isolated on a dark transparent background, no container, no scene, no additional props, no decorative frame. Color direction: blue, teal, green, purple, golden yellow, yellow accents, pink, all hues of blue, and electric cyan glow accents. Rendering notes: object should feel dimensional and cool, but still simple enough to read inside a badge shell; emphasize iconic shape first, surface detail second.","no text, no letters, no numbers, no logo, no badge frame, no border, no background scene, no landscape, no room interior, no people, no hands, no character, no extra objects, no collage, no cropped object, no cut-off edges, no low detail, no blurry render, no watercolor, no sketch lines, no photobash clutter"
building,29,tape-measure,TM,Tape Measure,Tape Measure,placeholder,C:\Users\amyle\Documents\New project\static\badges\pyr\center-art\building\tape-measure.png,"Tape Measure. Subject: a single Tape Measure. Centered premium holographic sci-fi render, dark transparent background, crisp silhouette, badge-ready.","Create a premium center illustration for a game badge about Tape Measure. Primary subject: a single Tape Measure. Visual goal: one instantly readable hero object that clearly represents the named item at small size. Style: polished holographic sci-fi prop render, fabrication achievement, maker prestige, forged sci-fi craftsmanship, collectible game achievement art, clean high-contrast silhouette, premium materials, subtle bevels, luminous edge lighting, restrained reflections, elegant futuristic finish. Composition: one centered object only, large in frame, isolated on a dark transparent background, no container, no scene, no additional props, no decorative frame. Color direction: blue, teal, green, purple, golden yellow, yellow accents, pink, all hues of blue, and electric cyan glow accents. Rendering notes: object should feel dimensional and cool, but still simple enough to read inside a badge shell; emphasize iconic shape first, surface detail second.","no text, no letters, no numbers, no logo, no badge frame, no border, no background scene, no landscape, no room interior, no people, no hands, no character, no extra objects, no collage, no cropped object, no cut-off edges, no low detail, no blurry render, no watercolor, no sketch lines, no photobash clutter"
building,30,t-square,TS,T-Square,T-Square,placeholder,C:\Users\amyle\Documents\New project\static\badges\pyr\center-art\building\t-square.png,"T-Square. Subject: a single T-Square. Centered premium holographic sci-fi render, dark transparent background, crisp silhouette, badge-ready.","Create a premium center illustration for a game badge about T-Square. Primary subject: a single T-Square. Visual goal: one instantly readable hero object that clearly represents the named item at small size. Style: polished holographic sci-fi prop render, fabrication achievement, maker prestige, forged sci-fi craftsmanship, collectible game achievement art, clean high-contrast silhouette, premium materials, subtle bevels, luminous edge lighting, restrained reflections, elegant futuristic finish. Composition: one centered object only, large in frame, isolated on a dark transparent background, no container, no scene, no additional props, no decorative frame. Color direction: blue, teal, green, purple, golden yellow, yellow accents, pink, all hues of blue, and electric cyan glow accents. Rendering notes: object should feel dimensional and cool, but still simple enough to read inside a badge shell; emphasize iconic shape first, surface detail second.","no text, no letters, no numbers, no logo, no badge frame, no border, no background scene, no landscape, no room interior, no people, no hands, no character, no extra objects, no collage, no cropped object, no cut-off edges, no low detail, no blurry render, no watercolor, no sketch lines, no photobash clutter"
building,31,leveler,LEV,Leveler,Leveler,placeholder,C:\Users\amyle\Documents\New project\static\badges\pyr\center-art\building\leveler.png,"Leveler. Subject: a single Leveler. Centered premium holographic sci-fi render, dark transparent background, crisp silhouette, badge-ready.","Create a premium center illustration for a game badge about Leveler. Primary subject: a single Leveler. Visual goal: one instantly readable hero object that clearly represents the named item at small size. Style: polished holographic sci-fi prop render, fabrication achievement, maker prestige, forged sci-fi craftsmanship, collectible game achievement art, clean high-contrast silhouette, premium materials, subtle bevels, luminous edge lighting, restrained reflections, elegant futuristic finish. Composition: one centered object only, large in frame, isolated on a dark transparent background, no container, no scene, no additional props, no decorative frame. Color direction: blue, teal, green, purple, golden yellow, yellow accents, pink, all hues of blue, and electric cyan glow accents. Rendering notes: object should feel dimensional and cool, but still simple enough to read inside a badge shell; emphasize iconic shape first, surface detail second.","no text, no letters, no numbers, no logo, no badge frame, no border, no background scene, no landscape, no room interior, no people, no hands, no character, no extra objects, no collage, no cropped object, no cut-off edges, no low detail, no blurry render, no watercolor, no sketch lines, no photobash clutter"
building,32,plumb-bob,PB,Plumb Bob,Plumb Bob,placeholder,C:\Users\amyle\Documents\New project\static\badges\pyr\center-art\building\plumb-bob.png,"Plumb Bob. Subject: a single Plumb Bob. Centered premium holographic sci-fi render, dark transparent background, crisp silhouette, badge-ready.","Create a premium center illustration for a game badge about Plumb Bob. Primary subject: a single Plumb Bob. Visual goal: one instantly readable hero object that clearly represents the named item at small size. Style: polished holographic sci-fi prop render, fabrication achievement, maker prestige, forged sci-fi craftsmanship, collectible game achievement art, clean high-contrast silhouette, premium materials, subtle bevels, luminous edge lighting, restrained reflections, elegant futuristic finish. Composition: one centered object only, large in frame, isolated on a dark transparent background, no container, no scene, no additional props, no decorative frame. Color direction: blue, teal, green, purple, golden yellow, yellow accents, pink, all hues of blue, and electric cyan glow accents. Rendering notes: object should feel dimensional and cool, but still simple enough to read inside a badge shell; emphasize iconic shape first, surface detail second.","no text, no letters, no numbers, no logo, no badge frame, no border, no background scene, no landscape, no room interior, no people, no hands, no character, no extra objects, no collage, no cropped object, no cut-off edges, no low detail, no blurry render, no watercolor, no sketch lines, no photobash clutter"
building,33,laser-leveler,LL,Laser Leveler,Laser Leveler,placeholder,C:\Users\amyle\Documents\New project\static\badges\pyr\center-art\building\laser-leveler.png,"Laser Leveler. Subject: a single Laser Leveler. Centered premium holographic sci-fi render, dark transparent background, crisp silhouette, badge-ready.","Create a premium center illustration for a game badge about Laser Leveler. Primary subject: a single Laser Leveler. Visual goal: one instantly readable hero object that clearly represents the named item at small size. Style: polished holographic sci-fi prop render, fabrication achievement, maker prestige, forged sci-fi craftsmanship, collectible game achievement art, clean high-contrast silhouette, premium materials, subtle bevels, luminous edge lighting, restrained reflections, elegant futuristic finish. Composition: one centered object only, large in frame, isolated on a dark transparent background, no container, no scene, no additional props, no decorative frame. Color direction: blue, teal, green, purple, golden yellow, yellow accents, pink, all hues of blue, and electric cyan glow accents. Rendering notes: object should feel dimensional and cool, but still simple enough to read inside a badge shell; emphasize iconic shape first, surface detail second.","no text, no letters, no numbers, no logo, no badge frame, no border, no background scene, no landscape, no room interior, no people, no hands, no character, no extra objects, no collage, no cropped object, no cut-off edges, no low detail, no blurry render, no watercolor, no sketch lines, no photobash clutter"
building,34,brick,BRI,Brick,Brick,placeholder,C:\Users\amyle\Documents\New project\static\badges\pyr\center-art\building\brick.png,"Brick. Subject: a single Brick. Centered premium holographic sci-fi render, dark transparent background, crisp silhouette, badge-ready.","Create a premium center illustration for a game badge about Brick. Primary subject: a single Brick. Visual goal: one instantly readable hero object that clearly represents the named item at small size. Style: polished holographic sci-fi prop render, fabrication achievement, maker prestige, forged sci-fi craftsmanship, collectible game achievement art, clean high-contrast silhouette, premium materials, subtle bevels, luminous edge lighting, restrained reflections, elegant futuristic finish. Composition: one centered object only, large in frame, isolated on a dark transparent background, no container, no scene, no additional props, no decorative frame. Color direction: blue, teal, green, purple, golden yellow, yellow accents, pink, all hues of blue, and electric cyan glow accents. Rendering notes: object should feel dimensional and cool, but still simple enough to read inside a badge shell; emphasize iconic shape first, surface detail second.","no text, no letters, no numbers, no logo, no badge frame, no border, no background scene, no landscape, no room interior, no people, no hands, no character, no extra objects, no collage, no cropped object, no cut-off edges, no low detail, no blurry render, no watercolor, no sketch lines, no photobash clutter"
building,35,column,COL,Column,Column,placeholder,C:\Users\amyle\Documents\New project\static\badges\pyr\center-art\building\column.png,"Column. Subject: a classical structural column with base, shaft, and capital. Centered premium holographic sci-fi render, dark transparent background, crisp silhouette, badge-ready.","Create a premium center illustration for a game badge about Column. Primary subject: a classical structural column with base, shaft, and capital. Visual goal: one instantly readable hero object that clearly represents the named item at small size. Style: polished holographic sci-fi prop render, fabrication achievement, maker prestige, forged sci-fi craftsmanship, collectible game achievement art, clean high-contrast silhouette, premium materials, subtle bevels, luminous edge lighting, restrained reflections, elegant futuristic finish. Composition: one centered object only, large in frame, isolated on a dark transparent background, no container, no scene, no additional props, no decorative frame. Color direction: blue, teal, green, purple, golden yellow, yellow accents, pink, all hues of blue, and electric cyan glow accents. Rendering notes: object should feel dimensional and cool, but still simple enough to read inside a badge shell; emphasize iconic shape first, surface detail second.","no text, no letters, no numbers, no logo, no badge frame, no border, no background scene, no landscape, no room interior, no people, no hands, no character, no extra objects, no collage, no cropped object, no cut-off edges, no low detail, no blurry render, no watercolor, no sketch lines, no photobash clutter"
building,36,arch,ARC,Arch,Arch,placeholder,C:\Users\amyle\Documents\New project\static\badges\pyr\center-art\building\arch.png,"Arch. Subject: a freestanding architectural stone arch. Centered premium holographic sci-fi render, dark transparent background, crisp silhouette, badge-ready.","Create a premium center illustration for a game badge about Arch. Primary subject: a freestanding architectural stone arch. Visual goal: one instantly readable hero object that clearly represents the named item at small size. Style: polished holographic sci-fi prop render, fabrication achievement, maker prestige, forged sci-fi craftsmanship, collectible game achievement art, clean high-contrast silhouette, premium materials, subtle bevels, luminous edge lighting, restrained reflections, elegant futuristic finish. Composition: one centered object only, large in frame, isolated on a dark transparent background, no container, no scene, no additional props, no decorative frame. Color direction: blue, teal, green, purple, golden yellow, yellow accents, pink, all hues of blue, and electric cyan glow accents. Rendering notes: object should feel dimensional and cool, but still simple enough to read inside a badge shell; emphasize iconic shape first, surface detail second.","no text, no letters, no numbers, no logo, no badge frame, no border, no background scene, no landscape, no room interior, no people, no hands, no character, no extra objects, no collage, no cropped object, no cut-off edges, no low detail, no blurry render, no watercolor, no sketch lines, no photobash clutter"
building,37,corbel,COR,Corbel,Corbel,ready,C:\Users\amyle\Documents\New project\static\badges\pyr\center-art\building\corbel.png,"Corbel. Subject: a carved projecting corbel support block. Centered premium holographic sci-fi render, dark transparent background, crisp silhouette, badge-ready.","Create a premium center illustration for a game badge about Corbel. Primary subject: a carved projecting corbel support block. Visual goal: one instantly readable hero object that clearly represents the named item at small size. Style: polished holographic sci-fi prop render, fabrication achievement, maker prestige, forged sci-fi craftsmanship, collectible game achievement art, clean high-contrast silhouette, premium materials, subtle bevels, luminous edge lighting, restrained reflections, elegant futuristic finish. Composition: one centered object only, large in frame, isolated on a dark transparent background, no container, no scene, no additional props, no decorative frame. Color direction: blue, teal, green, purple, golden yellow, yellow accents, pink, all hues of blue, and electric cyan glow accents. Rendering notes: object should feel dimensional and cool, but still simple enough to read inside a badge shell; emphasize iconic shape first, surface detail second.","no text, no letters, no numbers, no logo, no badge frame, no border, no background scene, no landscape, no room interior, no people, no hands, no character, no extra objects, no collage, no cropped object, no cut-off edges, no low detail, no blurry render, no watercolor, no sketch lines, no photobash clutter"
building,38,rafter,RAF,Rafter,Rafter,placeholder,C:\Users\amyle\Documents\New project\static\badges\pyr\center-art\building\rafter.png,"Rafter. Subject: a roof rafter or timber truss element. Centered premium holographic sci-fi render, dark transparent background, crisp silhouette, badge-ready.","Create a premium center illustration for a game badge about Rafter. Primary subject: a roof rafter or timber truss element. Visual goal: one instantly readable hero object that clearly represents the named item at small size. Style: polished holographic sci-fi prop render, fabrication achievement, maker prestige, forged sci-fi craftsmanship, collectible game achievement art, clean high-contrast silhouette, premium materials, subtle bevels, luminous edge lighting, restrained reflections, elegant futuristic finish. Composition: one centered object only, large in frame, isolated on a dark transparent background, no container, no scene, no additional props, no decorative frame. Color direction: blue, teal, green, purple, golden yellow, yellow accents, pink, all hues of blue, and electric cyan glow accents. Rendering notes: object should feel dimensional and cool, but still simple enough to read inside a badge shell; emphasize iconic shape first, surface detail second.","no text, no letters, no numbers, no logo, no badge frame, no border, no background scene, no landscape, no room interior, no people, no hands, no character, no extra objects, no collage, no cropped object, no cut-off edges, no low detail, no blurry render, no watercolor, no sketch lines, no photobash clutter"
building,39,dome,DOM,Dome,Dome,ready,C:\Users\amyle\Documents\New project\static\badges\pyr\center-art\building\dome.png,"Dome. Subject: a geodesic or masonry dome seen as a single architectural object. Centered premium holographic sci-fi render, dark transparent background, crisp silhouette, badge-ready.","Create a premium center illustration for a game badge about Dome. Primary subject: a geodesic or masonry dome seen as a single architectural object. Visual goal: one instantly readable hero object that clearly represents the named item at small size. Style: polished holographic sci-fi prop render, fabrication achievement, maker prestige, forged sci-fi craftsmanship, collectible game achievement art, clean high-contrast silhouette, premium materials, subtle bevels, luminous edge lighting, restrained reflections, elegant futuristic finish. Composition: one centered object only, large in frame, isolated on a dark transparent background, no container, no scene, no additional props, no decorative frame. Color direction: blue, teal, green, purple, golden yellow, yellow accents, pink, all hues of blue, and electric cyan glow accents. Rendering notes: object should feel dimensional and cool, but still simple enough to read inside a badge shell; emphasize iconic shape first, surface detail second.","no text, no letters, no numbers, no logo, no badge frame, no border, no background scene, no landscape, no room interior, no people, no hands, no character, no extra objects, no collage, no cropped object, no cut-off edges, no low detail, no blurry render, no watercolor, no sketch lines, no photobash clutter"
building,40,vault,VAU,Vault,Vault,ready,C:\Users\amyle\Documents\New project\static\badges\pyr\center-art\building\vault.png,"Vault. Subject: a circular steel vault door with wheel spokes and locking bars. Centered premium holographic sci-fi render, dark transparent background, crisp silhouette, badge-ready.","Create a premium center illustration for a game badge about Vault. Primary subject: a circular steel vault door with wheel spokes and locking bars. Visual goal: one instantly readable hero object that clearly represents the named item at small size. Style: polished holographic sci-fi prop render, fabrication achievement, maker prestige, forged sci-fi craftsmanship, collectible game achievement art, clean high-contrast silhouette, premium materials, subtle bevels, luminous edge lighting, restrained reflections, elegant futuristic finish. Composition: one centered object only, large in frame, isolated on a dark transparent background, no container, no scene, no additional props, no decorative frame. Color direction: blue, teal, green, purple, golden yellow, yellow accents, pink, all hues of blue, and electric cyan glow accents. Rendering notes: object should feel dimensional and cool, but still simple enough to read inside a badge shell; emphasize iconic shape first, surface detail second.","no text, no letters, no numbers, no logo, no badge frame, no border, no background scene, no landscape, no room interior, no people, no hands, no character, no extra objects, no collage, no cropped object, no cut-off edges, no low detail, no blurry render, no watercolor, no sketch lines, no photobash clutter"
building,41,loom,LOO,Loom,Loom,ready,C:\Users\amyle\Documents\New project\static\badges\pyr\center-art\building\loom.png,"Loom. Subject: a real upright loom with a visible frame and woven threads. Centered premium holographic sci-fi render, dark transparent background, crisp silhouette, badge-ready.","Create a premium center illustration for a game badge about Loom. Primary subject: a real upright loom with a visible frame and woven threads. Visual goal: one instantly readable hero object that clearly represents the named item at small size. Style: polished holographic sci-fi prop render, fabrication achievement, maker prestige, forged sci-fi craftsmanship, collectible game achievement art, clean high-contrast silhouette, premium materials, subtle bevels, luminous edge lighting, restrained reflections, elegant futuristic finish. Composition: one centered object only, large in frame, isolated on a dark transparent background, no container, no scene, no additional props, no decorative frame. Color direction: blue, teal, green, purple, golden yellow, yellow accents, pink, all hues of blue, and electric cyan glow accents. Rendering notes: object should feel dimensional and cool, but still simple enough to read inside a badge shell; emphasize iconic shape first, surface detail second.","no text, no letters, no numbers, no logo, no badge frame, no border, no background scene, no landscape, no room interior, no people, no hands, no character, no extra objects, no collage, no cropped object, no cut-off edges, no low detail, no blurry render, no watercolor, no sketch lines, no photobash clutter"
building,42,kiln,KIL,Kiln,Kiln,placeholder,C:\Users\amyle\Documents\New project\static\badges\pyr\center-art\building\kiln.png,"Kiln. Subject: a single Kiln. Centered premium holographic sci-fi render, dark transparent background, crisp silhouette, badge-ready.","Create a premium center illustration for a game badge about Kiln. Primary subject: a single Kiln. Visual goal: one instantly readable hero object that clearly represents the named item at small size. Style: polished holographic sci-fi prop render, fabrication achievement, maker prestige, forged sci-fi craftsmanship, collectible game achievement art, clean high-contrast silhouette, premium materials, subtle bevels, luminous edge lighting, restrained reflections, elegant futuristic finish. Composition: one centered object only, large in frame, isolated on a dark transparent background, no container, no scene, no additional props, no decorative frame. Color direction: blue, teal, green, purple, golden yellow, yellow accents, pink, all hues of blue, and electric cyan glow accents. Rendering notes: object should feel dimensional and cool, but still simple enough to read inside a badge shell; emphasize iconic shape first, surface detail second.","no text, no letters, no numbers, no logo, no badge frame, no border, no background scene, no landscape, no room interior, no people, no hands, no character, no extra objects, no collage, no cropped object, no cut-off edges, no low detail, no blurry render, no watercolor, no sketch lines, no photobash clutter"
building,43,bellows,BEL,Bellows,Bellows,placeholder,C:\Users\amyle\Documents\New project\static\badges\pyr\center-art\building\bellows.png,"Bellows. Subject: a single Bellows. Centered premium holographic sci-fi render, dark transparent background, crisp silhouette, badge-ready.","Create a premium center illustration for a game badge about Bellows. Primary subject: a single Bellows. Visual goal: one instantly readable hero object that clearly represents the named item at small size. Style: polished holographic sci-fi prop render, fabrication achievement, maker prestige, forged sci-fi craftsmanship, collectible game achievement art, clean high-contrast silhouette, premium materials, subtle bevels, luminous edge lighting, restrained reflections, elegant futuristic finish. Composition: one centered object only, large in frame, isolated on a dark transparent background, no container, no scene, no additional props, no decorative frame. Color direction: blue, teal, green, purple, golden yellow, yellow accents, pink, all hues of blue, and electric cyan glow accents. Rendering notes: object should feel dimensional and cool, but still simple enough to read inside a badge shell; emphasize iconic shape first, surface detail second.","no text, no letters, no numbers, no logo, no badge frame, no border, no background scene, no landscape, no room interior, no people, no hands, no character, no extra objects, no collage, no cropped object, no cut-off edges, no low detail, no blurry render, no watercolor, no sketch lines, no photobash clutter"
building,44,anvil,ANV,Anvil,Anvil,ready,C:\Users\amyle\Documents\New project\static\badges\pyr\center-art\building\anvil.png,"Anvil. Subject: a single Anvil. Centered premium holographic sci-fi render, dark transparent background, crisp silhouette, badge-ready.","Create a premium center illustration for a game badge about Anvil. Primary subject: a single Anvil. Visual goal: one instantly readable hero object that clearly represents the named item at small size. Style: polished holographic sci-fi prop render, fabrication achievement, maker prestige, forged sci-fi craftsmanship, collectible game achievement art, clean high-contrast silhouette, premium materials, subtle bevels, luminous edge lighting, restrained reflections, elegant futuristic finish. Composition: one centered object only, large in frame, isolated on a dark transparent background, no container, no scene, no additional props, no decorative frame. Color direction: blue, teal, green, purple, golden yellow, yellow accents, pink, all hues of blue, and electric cyan glow accents. Rendering notes: object should feel dimensional and cool, but still simple enough to read inside a badge shell; emphasize iconic shape first, surface detail second.","no text, no letters, no numbers, no logo, no badge frame, no border, no background scene, no landscape, no room interior, no people, no hands, no character, no extra objects, no collage, no cropped object, no cut-off edges, no low detail, no blurry render, no watercolor, no sketch lines, no photobash clutter"
building,45,forge,FOR,Forge,Forge,placeholder,C:\Users\amyle\Documents\New project\static\badges\pyr\center-art\building\forge.png,"Forge. Subject: a single Forge. Centered premium holographic sci-fi render, dark transparent background, crisp silhouette, badge-ready.","Create a premium center illustration for a game badge about Forge. Primary subject: a single Forge. Visual goal: one instantly readable hero object that clearly represents the named item at small size. Style: polished holographic sci-fi prop render, fabrication achievement, maker prestige, forged sci-fi craftsmanship, collectible game achievement art, clean high-contrast silhouette, premium materials, subtle bevels, luminous edge lighting, restrained reflections, elegant futuristic finish. Composition: one centered object only, large in frame, isolated on a dark transparent background, no container, no scene, no additional props, no decorative frame. Color direction: blue, teal, green, purple, golden yellow, yellow accents, pink, all hues of blue, and electric cyan glow accents. Rendering notes: object should feel dimensional and cool, but still simple enough to read inside a badge shell; emphasize iconic shape first, surface detail second.","no text, no letters, no numbers, no logo, no badge frame, no border, no background scene, no landscape, no room interior, no people, no hands, no character, no extra objects, no collage, no cropped object, no cut-off edges, no low detail, no blurry render, no watercolor, no sketch lines, no photobash clutter"
building,46,catapult,CAT,Catapult,Catapult,ready,C:\Users\amyle\Documents\New project\static\badges\pyr\center-art\building\catapult.png,"Catapult. Subject: a single Catapult. Centered premium holographic sci-fi render, dark transparent background, crisp silhouette, badge-ready.","Create a premium center illustration for a game badge about Catapult. Primary subject: a single Catapult. Visual goal: one instantly readable hero object that clearly represents the named item at small size. Style: polished holographic sci-fi prop render, fabrication achievement, maker prestige, forged sci-fi craftsmanship, collectible game achievement art, clean high-contrast silhouette, premium materials, subtle bevels, luminous edge lighting, restrained reflections, elegant futuristic finish. Composition: one centered object only, large in frame, isolated on a dark transparent background, no container, no scene, no additional props, no decorative frame. Color direction: blue, teal, green, purple, golden yellow, yellow accents, pink, all hues of blue, and electric cyan glow accents. Rendering notes: object should feel dimensional and cool, but still simple enough to read inside a badge shell; emphasize iconic shape first, surface detail second.","no text, no letters, no numbers, no logo, no badge frame, no border, no background scene, no landscape, no room interior, no people, no hands, no character, no extra objects, no collage, no cropped object, no cut-off edges, no low detail, no blurry render, no watercolor, no sketch lines, no photobash clutter"
building,47,ox-drawn-plow,ODP,Ox-drawn Plow,Ox-drawn Plow,placeholder,C:\Users\amyle\Documents\New project\static\badges\pyr\center-art\building\ox-drawn-plow.png,"Ox-drawn Plow. Subject: a single Ox-drawn Plow. Centered premium holographic sci-fi render, dark transparent background, crisp silhouette, badge-ready.","Create a premium center illustration for a game badge about Ox-drawn Plow. Primary subject: a single Ox-drawn Plow. Visual goal: one instantly readable hero object that clearly represents the named item at small size. Style: polished holographic sci-fi prop render, fabrication achievement, maker prestige, forged sci-fi craftsmanship, collectible game achievement art, clean high-contrast silhouette, premium materials, subtle bevels, luminous edge lighting, restrained reflections, elegant futuristic finish. Composition: one centered object only, large in frame, isolated on a dark transparent background, no container, no scene, no additional props, no decorative frame. Color direction: blue, teal, green, purple, golden yellow, yellow accents, pink, all hues of blue, and electric cyan glow accents. Rendering notes: object should feel dimensional and cool, but still simple enough to read inside a badge shell; emphasize iconic shape first, surface detail second.","no text, no letters, no numbers, no logo, no badge frame, no border, no background scene, no landscape, no room interior, no people, no hands, no character, no extra objects, no collage, no cropped object, no cut-off edges, no low detail, no blurry render, no watercolor, no sketch lines, no photobash clutter"
building,48,pulley,PUL,Pulley,Pulley,ready,C:\Users\amyle\Documents\New project\static\badges\pyr\center-art\building\pulley.png,"Pulley. Subject: a real utility pulley wheel with rope and a hanging hook. Centered premium holographic sci-fi render, dark transparent background, crisp silhouette, badge-ready.","Create a premium center illustration for a game badge about Pulley. Primary subject: a real utility pulley wheel with rope and a hanging hook. Visual goal: one instantly readable hero object that clearly represents the named item at small size. Style: polished holographic sci-fi prop render, fabrication achievement, maker prestige, forged sci-fi craftsmanship, collectible game achievement art, clean high-contrast silhouette, premium materials, subtle bevels, luminous edge lighting, restrained reflections, elegant futuristic finish. Composition: one centered object only, large in frame, isolated on a dark transparent background, no container, no scene, no additional props, no decorative frame. Color direction: blue, teal, green, purple, golden yellow, yellow accents, pink, all hues of blue, and electric cyan glow accents. Rendering notes: object should feel dimensional and cool, but still simple enough to read inside a badge shell; emphasize iconic shape first, surface detail second.","no text, no letters, no numbers, no logo, no badge frame, no border, no background scene, no landscape, no room interior, no people, no hands, no character, no extra objects, no collage, no cropped object, no cut-off edges, no low detail, no blurry render, no watercolor, no sketch lines, no photobash clutter"
building,49,piston,PIS,Piston,Piston,placeholder,C:\Users\amyle\Documents\New project\static\badges\pyr\center-art\building\piston.png,"Piston. Subject: a single Piston. Centered premium holographic sci-fi render, dark transparent background, crisp silhouette, badge-ready.","Create a premium center illustration for a game badge about Piston. Primary subject: a single Piston. Visual goal: one instantly readable hero object that clearly represents the named item at small size. Style: polished holographic sci-fi prop render, fabrication achievement, maker prestige, forged sci-fi craftsmanship, collectible game achievement art, clean high-contrast silhouette, premium materials, subtle bevels, luminous edge lighting, restrained reflections, elegant futuristic finish. Composition: one centered object only, large in frame, isolated on a dark transparent background, no container, no scene, no additional props, no decorative frame. Color direction: blue, teal, green, purple, golden yellow, yellow accents, pink, all hues of blue, and electric cyan glow accents. Rendering notes: object should feel dimensional and cool, but still simple enough to read inside a badge shell; emphasize iconic shape first, surface detail second.","no text, no letters, no numbers, no logo, no badge frame, no border, no background scene, no landscape, no room interior, no people, no hands, no character, no extra objects, no collage, no cropped object, no cut-off edges, no low detail, no blurry render, no watercolor, no sketch lines, no photobash clutter"
building,50,actuator,ACT,Actuator,Actuator,placeholder,C:\Users\amyle\Documents\New project\static\badges\pyr\center-art\building\actuator.png,"Actuator. Subject: a single Actuator. Centered premium holographic sci-fi render, dark transparent background, crisp silhouette, badge-ready.","Create a premium center illustration for a game badge about Actuator. Primary subject: a single Actuator. Visual goal: one instantly readable hero object that clearly represents the named item at small size. Style: polished holographic sci-fi prop render, fabrication achievement, maker prestige, forged sci-fi craftsmanship, collectible game achievement art, clean high-contrast silhouette, premium materials, subtle bevels, luminous edge lighting, restrained reflections, elegant futuristic finish. Composition: one centered object only, large in frame, isolated on a dark transparent background, no container, no scene, no additional props, no decorative frame. Color direction: blue, teal, green, purple, golden yellow, yellow accents, pink, all hues of blue, and electric cyan glow accents. Rendering notes: object should feel dimensional and cool, but still simple enough to read inside a badge shell; emphasize iconic shape first, surface detail second.","no text, no letters, no numbers, no logo, no badge frame, no border, no background scene, no landscape, no room interior, no people, no hands, no character, no extra objects, no collage, no cropped object, no cut-off edges, no low detail, no blurry render, no watercolor, no sketch lines, no photobash clutter"
building,51,electric-drill,ED,Electric Drill,Electric Drill,placeholder,C:\Users\amyle\Documents\New project\static\badges\pyr\center-art\building\electric-drill.png,"Electric Drill. Subject: a single Electric Drill. Centered premium holographic sci-fi render, dark transparent background, crisp silhouette, badge-ready.","Create a premium center illustration for a game badge about Electric Drill. Primary subject: a single Electric Drill. Visual goal: one instantly readable hero object that clearly represents the named item at small size. Style: polished holographic sci-fi prop render, fabrication achievement, maker prestige, forged sci-fi craftsmanship, collectible game achievement art, clean high-contrast silhouette, premium materials, subtle bevels, luminous edge lighting, restrained reflections, elegant futuristic finish. Composition: one centered object only, large in frame, isolated on a dark transparent background, no container, no scene, no additional props, no decorative frame. Color direction: blue, teal, green, purple, golden yellow, yellow accents, pink, all hues of blue, and electric cyan glow accents. Rendering notes: object should feel dimensional and cool, but still simple enough to read inside a badge shell; emphasize iconic shape first, surface detail second.","no text, no letters, no numbers, no logo, no badge frame, no border, no background scene, no landscape, no room interior, no people, no hands, no character, no extra objects, no collage, no cropped object, no cut-off edges, no low detail, no blurry render, no watercolor, no sketch lines, no photobash clutter"
building,52,hand-drill,HD,Hand Drill,Hand Drill,placeholder,C:\Users\amyle\Documents\New project\static\badges\pyr\center-art\building\hand-drill.png,"Hand Drill. Subject: a single Hand Drill. Centered premium holographic sci-fi render, dark transparent background, crisp silhouette, badge-ready.","Create a premium center illustration for a game badge about Hand Drill. Primary subject: a single Hand Drill. Visual goal: one instantly readable hero object that clearly represents the named item at small size. Style: polished holographic sci-fi prop render, fabrication achievement, maker prestige, forged sci-fi craftsmanship, collectible game achievement art, clean high-contrast silhouette, premium materials, subtle bevels, luminous edge lighting, restrained reflections, elegant futuristic finish. Composition: one centered object only, large in frame, isolated on a dark transparent background, no container, no scene, no additional props, no decorative frame. Color direction: blue, teal, green, purple, golden yellow, yellow accents, pink, all hues of blue, and electric cyan glow accents. Rendering notes: object should feel dimensional and cool, but still simple enough to read inside a badge shell; emphasize iconic shape first, surface detail second.","no text, no letters, no numbers, no logo, no badge frame, no border, no background scene, no landscape, no room interior, no people, no hands, no character, no extra objects, no collage, no cropped object, no cut-off edges, no low detail, no blurry render, no watercolor, no sketch lines, no photobash clutter"
building,53,hot-glue-gun,HGG,Hot Glue Gun,Hot Glue Gun,placeholder,C:\Users\amyle\Documents\New project\static\badges\pyr\center-art\building\hot-glue-gun.png,"Hot Glue Gun. Subject: a single Hot Glue Gun. Centered premium holographic sci-fi render, dark transparent background, crisp silhouette, badge-ready.","Create a premium center illustration for a game badge about Hot Glue Gun. Primary subject: a single Hot Glue Gun. Visual goal: one instantly readable hero object that clearly represents the named item at small size. Style: polished holographic sci-fi prop render, fabrication achievement, maker prestige, forged sci-fi craftsmanship, collectible game achievement art, clean high-contrast silhouette, premium materials, subtle bevels, luminous edge lighting, restrained reflections, elegant futuristic finish. Composition: one centered object only, large in frame, isolated on a dark transparent background, no container, no scene, no additional props, no decorative frame. Color direction: blue, teal, green, purple, golden yellow, yellow accents, pink, all hues of blue, and electric cyan glow accents. Rendering notes: object should feel dimensional and cool, but still simple enough to read inside a badge shell; emphasize iconic shape first, surface detail second.","no text, no letters, no numbers, no logo, no badge frame, no border, no background scene, no landscape, no room interior, no people, no hands, no character, no extra objects, no collage, no cropped object, no cut-off edges, no low detail, no blurry render, no watercolor, no sketch lines, no photobash clutter"
building,54,welding-torch,WT,Welding Torch,Welding Torch,placeholder,C:\Users\amyle\Documents\New project\static\badges\pyr\center-art\building\welding-torch.png,"Welding Torch. Subject: a single Welding Torch. Centered premium holographic sci-fi render, dark transparent background, crisp silhouette, badge-ready.","Create a premium center illustration for a game badge about Welding Torch. Primary subject: a single Welding Torch. Visual goal: one instantly readable hero object that clearly represents the named item at small size. Style: polished holographic sci-fi prop render, fabrication achievement, maker prestige, forged sci-fi craftsmanship, collectible game achievement art, clean high-contrast silhouette, premium materials, subtle bevels, luminous edge lighting, restrained reflections, elegant futuristic finish. Composition: one centered object only, large in frame, isolated on a dark transparent background, no container, no scene, no additional props, no decorative frame. Color direction: blue, teal, green, purple, golden yellow, yellow accents, pink, all hues of blue, and electric cyan glow accents. Rendering notes: object should feel dimensional and cool, but still simple enough to read inside a badge shell; emphasize iconic shape first, surface detail second.","no text, no letters, no numbers, no logo, no badge frame, no border, no background scene, no landscape, no room interior, no people, no hands, no character, no extra objects, no collage, no cropped object, no cut-off edges, no low detail, no blurry render, no watercolor, no sketch lines, no photobash clutter"
building,55,rivet-gun,RG,Rivet Gun,Rivet Gun,placeholder,C:\Users\amyle\Documents\New project\static\badges\pyr\center-art\building\rivet-gun.png,"Rivet Gun. Subject: a single Rivet Gun. Centered premium holographic sci-fi render, dark transparent background, crisp silhouette, badge-ready.","Create a premium center illustration for a game badge about Rivet Gun. Primary subject: a single Rivet Gun. Visual goal: one instantly readable hero object that clearly represents the named item at small size. Style: polished holographic sci-fi prop render, fabrication achievement, maker prestige, forged sci-fi craftsmanship, collectible game achievement art, clean high-contrast silhouette, premium materials, subtle bevels, luminous edge lighting, restrained reflections, elegant futuristic finish. Composition: one centered object only, large in frame, isolated on a dark transparent background, no container, no scene, no additional props, no decorative frame. Color direction: blue, teal, green, purple, golden yellow, yellow accents, pink, all hues of blue, and electric cyan glow accents. Rendering notes: object should feel dimensional and cool, but still simple enough to read inside a badge shell; emphasize iconic shape first, surface detail second.","no text, no letters, no numbers, no logo, no badge frame, no border, no background scene, no landscape, no room interior, no people, no hands, no character, no extra objects, no collage, no cropped object, no cut-off edges, no low detail, no blurry render, no watercolor, no sketch lines, no photobash clutter"
building,56,workbench,WOR,Workbench,Workbench,placeholder,C:\Users\amyle\Documents\New project\static\badges\pyr\center-art\building\workbench.png,"Workbench. Subject: a single Workbench. Centered premium holographic sci-fi render, dark transparent background, crisp silhouette, badge-ready.","Create a premium center illustration for a game badge about Workbench. Primary subject: a single Workbench. Visual goal: one instantly readable hero object that clearly represents the named item at small size. Style: polished holographic sci-fi prop render, fabrication achievement, maker prestige, forged sci-fi craftsmanship, collectible game achievement art, clean high-contrast silhouette, premium materials, subtle bevels, luminous edge lighting, restrained reflections, elegant futuristic finish. Composition: one centered object only, large in frame, isolated on a dark transparent background, no container, no scene, no additional props, no decorative frame. Color direction: blue, teal, green, purple, golden yellow, yellow accents, pink, all hues of blue, and electric cyan glow accents. Rendering notes: object should feel dimensional and cool, but still simple enough to read inside a badge shell; emphasize iconic shape first, surface detail second.","no text, no letters, no numbers, no logo, no badge frame, no border, no background scene, no landscape, no room interior, no people, no hands, no character, no extra objects, no collage, no cropped object, no cut-off edges, no low detail, no blurry render, no watercolor, no sketch lines, no photobash clutter"
building,57,component-organizer,CO,Component Organizer,Component Organizer,placeholder,C:\Users\amyle\Documents\New project\static\badges\pyr\center-art\building\component-organizer.png,"Component Organizer. Subject: a single Component Organizer. Centered premium holographic sci-fi render, dark transparent background, crisp silhouette, badge-ready.","Create a premium center illustration for a game badge about Component Organizer. Primary subject: a single Component Organizer. Visual goal: one instantly readable hero object that clearly represents the named item at small size. Style: polished holographic sci-fi prop render, fabrication achievement, maker prestige, forged sci-fi craftsmanship, collectible game achievement art, clean high-contrast silhouette, premium materials, subtle bevels, luminous edge lighting, restrained reflections, elegant futuristic finish. Composition: one centered object only, large in frame, isolated on a dark transparent background, no container, no scene, no additional props, no decorative frame. Color direction: blue, teal, green, purple, golden yellow, yellow accents, pink, all hues of blue, and electric cyan glow accents. Rendering notes: object should feel dimensional and cool, but still simple enough to read inside a badge shell; emphasize iconic shape first, surface detail second.","no text, no letters, no numbers, no logo, no badge frame, no border, no background scene, no landscape, no room interior, no people, no hands, no character, no extra objects, no collage, no cropped object, no cut-off edges, no low detail, no blurry render, no watercolor, no sketch lines, no photobash clutter"
building,58,pcb-etching-kit,PE,PCB Etching Kit,PCB Etching Kit,placeholder,C:\Users\amyle\Documents\New project\static\badges\pyr\center-art\building\pcb-etching-kit.png,"PCB Etching Kit. Subject: a single PCB Etching Kit. Centered premium holographic sci-fi render, dark transparent background, crisp silhouette, badge-ready.","Create a premium center illustration for a game badge about PCB Etching Kit. Primary subject: a single PCB Etching Kit. Visual goal: one instantly readable hero object that clearly represents the named item at small size. Style: polished holographic sci-fi prop render, fabrication achievement, maker prestige, forged sci-fi craftsmanship, collectible game achievement art, clean high-contrast silhouette, premium materials, subtle bevels, luminous edge lighting, restrained reflections, elegant futuristic finish. Composition: one centered object only, large in frame, isolated on a dark transparent background, no container, no scene, no additional props, no decorative frame. Color direction: blue, teal, green, purple, golden yellow, yellow accents, pink, all hues of blue, and electric cyan glow accents. Rendering notes: object should feel dimensional and cool, but still simple enough to read inside a badge shell; emphasize iconic shape first, surface detail second.","no text, no letters, no numbers, no logo, no badge frame, no border, no background scene, no landscape, no room interior, no people, no hands, no character, no extra objects, no collage, no cropped object, no cut-off edges, no low detail, no blurry render, no watercolor, no sketch lines, no photobash clutter"
building,59,breadboard,BRE,Breadboard,Breadboard,placeholder,C:\Users\amyle\Documents\New project\static\badges\pyr\center-art\building\breadboard.png,"Breadboard. Subject: an electronics breadboard with hole rows and jumper detail. Centered premium holographic sci-fi render, dark transparent background, crisp silhouette, badge-ready.","Create a premium center illustration for a game badge about Breadboard. Primary subject: an electronics breadboard with hole rows and jumper detail. Visual goal: one instantly readable hero object that clearly represents the named item at small size. Style: polished holographic sci-fi prop render, fabrication achievement, maker prestige, forged sci-fi craftsmanship, collectible game achievement art, clean high-contrast silhouette, premium materials, subtle bevels, luminous edge lighting, restrained reflections, elegant futuristic finish. Composition: one centered object only, large in frame, isolated on a dark transparent background, no container, no scene, no additional props, no decorative frame. Color direction: blue, teal, green, purple, golden yellow, yellow accents, pink, all hues of blue, and electric cyan glow accents. Rendering notes: object should feel dimensional and cool, but still simple enough to read inside a badge shell; emphasize iconic shape first, surface detail second.","no text, no letters, no numbers, no logo, no badge frame, no border, no background scene, no landscape, no room interior, no people, no hands, no character, no extra objects, no collage, no cropped object, no cut-off edges, no low detail, no blurry render, no watercolor, no sketch lines, no photobash clutter"
building,60,jumper-wires,JW,Jumper Wires,Jumper Wires,placeholder,C:\Users\amyle\Documents\New project\static\badges\pyr\center-art\building\jumper-wires.png,"Jumper Wires. Subject: a cluster of jumper wires with readable wire ends. Centered premium holographic sci-fi render, dark transparent background, crisp silhouette, badge-ready.","Create a premium center illustration for a game badge about Jumper Wires. Primary subject: a cluster of jumper wires with readable wire ends. Visual goal: one instantly readable hero object that clearly represents the named item at small size. Style: polished holographic sci-fi prop render, fabrication achievement, maker prestige, forged sci-fi craftsmanship, collectible game achievement art, clean high-contrast silhouette, premium materials, subtle bevels, luminous edge lighting, restrained reflections, elegant futuristic finish. Composition: one centered object only, large in frame, isolated on a dark transparent background, no container, no scene, no additional props, no decorative frame. Color direction: blue, teal, green, purple, golden yellow, yellow accents, pink, all hues of blue, and electric cyan glow accents. Rendering notes: object should feel dimensional and cool, but still simple enough to read inside a badge shell; emphasize iconic shape first, surface detail second.","no text, no letters, no numbers, no logo, no badge frame, no border, no background scene, no landscape, no room interior, no people, no hands, no character, no extra objects, no collage, no cropped object, no cut-off edges, no low detail, no blurry render, no watercolor, no sketch lines, no photobash clutter"
building,61,wire-strippers,WS,Wire Strippers,Wire Strippers,placeholder,C:\Users\amyle\Documents\New project\static\badges\pyr\center-art\building\wire-strippers.png,"Wire Strippers. Subject: a single Wire Strippers. Centered premium holographic sci-fi render, dark transparent background, crisp silhouette, badge-ready.","Create a premium center illustration for a game badge about Wire Strippers. Primary subject: a single Wire Strippers. Visual goal: one instantly readable hero object that clearly represents the named item at small size. Style: polished holographic sci-fi prop render, fabrication achievement, maker prestige, forged sci-fi craftsmanship, collectible game achievement art, clean high-contrast silhouette, premium materials, subtle bevels, luminous edge lighting, restrained reflections, elegant futuristic finish. Composition: one centered object only, large in frame, isolated on a dark transparent background, no container, no scene, no additional props, no decorative frame. Color direction: blue, teal, green, purple, golden yellow, yellow accents, pink, all hues of blue, and electric cyan glow accents. Rendering notes: object should feel dimensional and cool, but still simple enough to read inside a badge shell; emphasize iconic shape first, surface detail second.","no text, no letters, no numbers, no logo, no badge frame, no border, no background scene, no landscape, no room interior, no people, no hands, no character, no extra objects, no collage, no cropped object, no cut-off edges, no low detail, no blurry render, no watercolor, no sketch lines, no photobash clutter"
building,62,soldering-iron,SI,Soldering Iron,Soldering Iron,placeholder,C:\Users\amyle\Documents\New project\static\badges\pyr\center-art\building\soldering-iron.png,"Soldering Iron. Subject: a single Soldering Iron. Centered premium holographic sci-fi render, dark transparent background, crisp silhouette, badge-ready.","Create a premium center illustration for a game badge about Soldering Iron. Primary subject: a single Soldering Iron. Visual goal: one instantly readable hero object that clearly represents the named item at small size. Style: polished holographic sci-fi prop render, fabrication achievement, maker prestige, forged sci-fi craftsmanship, collectible game achievement art, clean high-contrast silhouette, premium materials, subtle bevels, luminous edge lighting, restrained reflections, elegant futuristic finish. Composition: one centered object only, large in frame, isolated on a dark transparent background, no container, no scene, no additional props, no decorative frame. Color direction: blue, teal, green, purple, golden yellow, yellow accents, pink, all hues of blue, and electric cyan glow accents. Rendering notes: object should feel dimensional and cool, but still simple enough to read inside a badge shell; emphasize iconic shape first, surface detail second.","no text, no letters, no numbers, no logo, no badge frame, no border, no background scene, no landscape, no room interior, no people, no hands, no character, no extra objects, no collage, no cropped object, no cut-off edges, no low detail, no blurry render, no watercolor, no sketch lines, no photobash clutter"
building,63,heat-shrink-tubing,HST,Heat Shrink Tubing,Heat Shrink Tubing,placeholder,C:\Users\amyle\Documents\New project\static\badges\pyr\center-art\building\heat-shrink-tubing.png,"Heat Shrink Tubing. Subject: a single Heat Shrink Tubing. Centered premium holographic sci-fi render, dark transparent background, crisp silhouette, badge-ready.","Create a premium center illustration for a game badge about Heat Shrink Tubing. Primary subject: a single Heat Shrink Tubing. Visual goal: one instantly readable hero object that clearly represents the named item at small size. Style: polished holographic sci-fi prop render, fabrication achievement, maker prestige, forged sci-fi craftsmanship, collectible game achievement art, clean high-contrast silhouette, premium materials, subtle bevels, luminous edge lighting, restrained reflections, elegant futuristic finish. Composition: one centered object only, large in frame, isolated on a dark transparent background, no container, no scene, no additional props, no decorative frame. Color direction: blue, teal, green, purple, golden yellow, yellow accents, pink, all hues of blue, and electric cyan glow accents. Rendering notes: object should feel dimensional and cool, but still simple enough to read inside a badge shell; emphasize iconic shape first, surface detail second.","no text, no letters, no numbers, no logo, no badge frame, no border, no background scene, no landscape, no room interior, no people, no hands, no character, no extra objects, no collage, no cropped object, no cut-off edges, no low detail, no blurry render, no watercolor, no sketch lines, no photobash clutter"
building,64,power-supply,PS,Power Supply,Power Supply,placeholder,C:\Users\amyle\Documents\New project\static\badges\pyr\center-art\building\power-supply.png,"Power Supply. Subject: a single Power Supply. Centered premium holographic sci-fi render, dark transparent background, crisp silhouette, badge-ready.","Create a premium center illustration for a game badge about Power Supply. Primary subject: a single Power Supply. Visual goal: one instantly readable hero object that clearly represents the named item at small size. Style: polished holographic sci-fi prop render, fabrication achievement, maker prestige, forged sci-fi craftsmanship, collectible game achievement art, clean high-contrast silhouette, premium materials, subtle bevels, luminous edge lighting, restrained reflections, elegant futuristic finish. Composition: one centered object only, large in frame, isolated on a dark transparent background, no container, no scene, no additional props, no decorative frame. Color direction: blue, teal, green, purple, golden yellow, yellow accents, pink, all hues of blue, and electric cyan glow accents. Rendering notes: object should feel dimensional and cool, but still simple enough to read inside a badge shell; emphasize iconic shape first, surface detail second.","no text, no letters, no numbers, no logo, no badge frame, no border, no background scene, no landscape, no room interior, no people, no hands, no character, no extra objects, no collage, no cropped object, no cut-off edges, no low detail, no blurry render, no watercolor, no sketch lines, no photobash clutter"
building,65,microcontroller,MIC,Microcontroller,Microcontroller,placeholder,C:\Users\amyle\Documents\New project\static\badges\pyr\center-art\building\microcontroller.png,"Microcontroller. Subject: a single Microcontroller. Centered premium holographic sci-fi render, dark transparent background, crisp silhouette, badge-ready.","Create a premium center illustration for a game badge about Microcontroller. Primary subject: a single Microcontroller. Visual goal: one instantly readable hero object that clearly represents the named item at small size. Style: polished holographic sci-fi prop render, fabrication achievement, maker prestige, forged sci-fi craftsmanship, collectible game achievement art, clean high-contrast silhouette, premium materials, subtle bevels, luminous edge lighting, restrained reflections, elegant futuristic finish. Composition: one centered object only, large in frame, isolated on a dark transparent background, no container, no scene, no additional props, no decorative frame. Color direction: blue, teal, green, purple, golden yellow, yellow accents, pink, all hues of blue, and electric cyan glow accents. Rendering notes: object should feel dimensional and cool, but still simple enough to read inside a badge shell; emphasize iconic shape first, surface detail second.","no text, no letters, no numbers, no logo, no badge frame, no border, no background scene, no landscape, no room interior, no people, no hands, no character, no extra objects, no collage, no cropped object, no cut-off edges, no low detail, no blurry render, no watercolor, no sketch lines, no photobash clutter"
building,66,prototyping-shield,PS,Prototyping Shield,Prototyping Shield,placeholder,C:\Users\amyle\Documents\New project\static\badges\pyr\center-art\building\prototyping-shield.png,"Prototyping Shield. Subject: a single Prototyping Shield. Centered premium holographic sci-fi render, dark transparent background, crisp silhouette, badge-ready.","Create a premium center illustration for a game badge about Prototyping Shield. Primary subject: a single Prototyping Shield. Visual goal: one instantly readable hero object that clearly represents the named item at small size. Style: polished holographic sci-fi prop render, fabrication achievement, maker prestige, forged sci-fi craftsmanship, collectible game achievement art, clean high-contrast silhouette, premium materials, subtle bevels, luminous edge lighting, restrained reflections, elegant futuristic finish. Composition: one centered object only, large in frame, isolated on a dark transparent background, no container, no scene, no additional props, no decorative frame. Color direction: blue, teal, green, purple, golden yellow, yellow accents, pink, all hues of blue, and electric cyan glow accents. Rendering notes: object should feel dimensional and cool, but still simple enough to read inside a badge shell; emphasize iconic shape first, surface detail second.","no text, no letters, no numbers, no logo, no badge frame, no border, no background scene, no landscape, no room interior, no people, no hands, no character, no extra objects, no collage, no cropped object, no cut-off edges, no low detail, no blurry render, no watercolor, no sketch lines, no photobash clutter"
building,67,rasberry-pi,RP,Rasberry Pi,Rasberry Pi,placeholder,C:\Users\amyle\Documents\New project\static\badges\pyr\center-art\building\rasberry-pi.png,"Rasberry Pi. Subject: a single Rasberry Pi. Centered premium holographic sci-fi render, dark transparent background, crisp silhouette, badge-ready.","Create a premium center illustration for a game badge about Rasberry Pi. Primary subject: a single Rasberry Pi. Visual goal: one instantly readable hero object that clearly represents the named item at small size. Style: polished holographic sci-fi prop render, fabrication achievement, maker prestige, forged sci-fi craftsmanship, collectible game achievement art, clean high-contrast silhouette, premium materials, subtle bevels, luminous edge lighting, restrained reflections, elegant futuristic finish. Composition: one centered object only, large in frame, isolated on a dark transparent background, no container, no scene, no additional props, no decorative frame. Color direction: blue, teal, green, purple, golden yellow, yellow accents, pink, all hues of blue, and electric cyan glow accents. Rendering notes: object should feel dimensional and cool, but still simple enough to read inside a badge shell; emphasize iconic shape first, surface detail second.","no text, no letters, no numbers, no logo, no badge frame, no border, no background scene, no landscape, no room interior, no people, no hands, no character, no extra objects, no collage, no cropped object, no cut-off edges, no low detail, no blurry render, no watercolor, no sketch lines, no photobash clutter"
building,68,leds,LED,LEDs,LEDs,placeholder,C:\Users\amyle\Documents\New project\static\badges\pyr\center-art\building\leds.png,"LEDs. Subject: a single LEDs. Centered premium holographic sci-fi render, dark transparent background, crisp silhouette, badge-ready.","Create a premium center illustration for a game badge about LEDs. Primary subject: a single LEDs. Visual goal: one instantly readable hero object that clearly represents the named item at small size. Style: polished holographic sci-fi prop render, fabrication achievement, maker prestige, forged sci-fi craftsmanship, collectible game achievement art, clean high-contrast silhouette, premium materials, subtle bevels, luminous edge lighting, restrained reflections, elegant futuristic finish. Composition: one centered object only, large in frame, isolated on a dark transparent background, no container, no scene, no additional props, no decorative frame. Color direction: blue, teal, green, purple, golden yellow, yellow accents, pink, all hues of blue, and electric cyan glow accents. Rendering notes: object should feel dimensional and cool, but still simple enough to read inside a badge shell; emphasize iconic shape first, surface detail second.","no text, no letters, no numbers, no logo, no badge frame, no border, no background scene, no landscape, no room interior, no people, no hands, no character, no extra objects, no collage, no cropped object, no cut-off edges, no low detail, no blurry render, no watercolor, no sketch lines, no photobash clutter"
building,69,servo-motor,SM,Servo Motor,Servo Motor,placeholder,C:\Users\amyle\Documents\New project\static\badges\pyr\center-art\building\servo-motor.png,"Servo Motor. Subject: a single Servo Motor. Centered premium holographic sci-fi render, dark transparent background, crisp silhouette, badge-ready.","Create a premium center illustration for a game badge about Servo Motor. Primary subject: a single Servo Motor. Visual goal: one instantly readable hero object that clearly represents the named item at small size. Style: polished holographic sci-fi prop render, fabrication achievement, maker prestige, forged sci-fi craftsmanship, collectible game achievement art, clean high-contrast silhouette, premium materials, subtle bevels, luminous edge lighting, restrained reflections, elegant futuristic finish. Composition: one centered object only, large in frame, isolated on a dark transparent background, no container, no scene, no additional props, no decorative frame. Color direction: blue, teal, green, purple, golden yellow, yellow accents, pink, all hues of blue, and electric cyan glow accents. Rendering notes: object should feel dimensional and cool, but still simple enough to read inside a badge shell; emphasize iconic shape first, surface detail second.","no text, no letters, no numbers, no logo, no badge frame, no border, no background scene, no landscape, no room interior, no people, no hands, no character, no extra objects, no collage, no cropped object, no cut-off edges, no low detail, no blurry render, no watercolor, no sketch lines, no photobash clutter"
building,70,stepper-motor,SM,Stepper Motor,Stepper Motor,placeholder,C:\Users\amyle\Documents\New project\static\badges\pyr\center-art\building\stepper-motor.png,"Stepper Motor. Subject: a single Stepper Motor. Centered premium holographic sci-fi render, dark transparent background, crisp silhouette, badge-ready.","Create a premium center illustration for a game badge about Stepper Motor. Primary subject: a single Stepper Motor. Visual goal: one instantly readable hero object that clearly represents the named item at small size. Style: polished holographic sci-fi prop render, fabrication achievement, maker prestige, forged sci-fi craftsmanship, collectible game achievement art, clean high-contrast silhouette, premium materials, subtle bevels, luminous edge lighting, restrained reflections, elegant futuristic finish. Composition: one centered object only, large in frame, isolated on a dark transparent background, no container, no scene, no additional props, no decorative frame. Color direction: blue, teal, green, purple, golden yellow, yellow accents, pink, all hues of blue, and electric cyan glow accents. Rendering notes: object should feel dimensional and cool, but still simple enough to read inside a badge shell; emphasize iconic shape first, surface detail second.","no text, no letters, no numbers, no logo, no badge frame, no border, no background scene, no landscape, no room interior, no people, no hands, no character, no extra objects, no collage, no cropped object, no cut-off edges, no low detail, no blurry render, no watercolor, no sketch lines, no photobash clutter"
building,71,dc-motor,DM,DC Motor,DC Motor,placeholder,C:\Users\amyle\Documents\New project\static\badges\pyr\center-art\building\dc-motor.png,"DC Motor. Subject: a single DC Motor. Centered premium holographic sci-fi render, dark transparent background, crisp silhouette, badge-ready.","Create a premium center illustration for a game badge about DC Motor. Primary subject: a single DC Motor. Visual goal: one instantly readable hero object that clearly represents the named item at small size. Style: polished holographic sci-fi prop render, fabrication achievement, maker prestige, forged sci-fi craftsmanship, collectible game achievement art, clean high-contrast silhouette, premium materials, subtle bevels, luminous edge lighting, restrained reflections, elegant futuristic finish. Composition: one centered object only, large in frame, isolated on a dark transparent background, no container, no scene, no additional props, no decorative frame. Color direction: blue, teal, green, purple, golden yellow, yellow accents, pink, all hues of blue, and electric cyan glow accents. Rendering notes: object should feel dimensional and cool, but still simple enough to read inside a badge shell; emphasize iconic shape first, surface detail second.","no text, no letters, no numbers, no logo, no badge frame, no border, no background scene, no landscape, no room interior, no people, no hands, no character, no extra objects, no collage, no cropped object, no cut-off edges, no low detail, no blurry render, no watercolor, no sketch lines, no photobash clutter"
building,72,motor-driver,MD,Motor Driver,Motor Driver,placeholder,C:\Users\amyle\Documents\New project\static\badges\pyr\center-art\building\motor-driver.png,"Motor Driver. Subject: a single Motor Driver. Centered premium holographic sci-fi render, dark transparent background, crisp silhouette, badge-ready.","Create a premium center illustration for a game badge about Motor Driver. Primary subject: a single Motor Driver. Visual goal: one instantly readable hero object that clearly represents the named item at small size. Style: polished holographic sci-fi prop render, fabrication achievement, maker prestige, forged sci-fi craftsmanship, collectible game achievement art, clean high-contrast silhouette, premium materials, subtle bevels, luminous edge lighting, restrained reflections, elegant futuristic finish. Composition: one centered object only, large in frame, isolated on a dark transparent background, no container, no scene, no additional props, no decorative frame. Color direction: blue, teal, green, purple, golden yellow, yellow accents, pink, all hues of blue, and electric cyan glow accents. Rendering notes: object should feel dimensional and cool, but still simple enough to read inside a badge shell; emphasize iconic shape first, surface detail second.","no text, no letters, no numbers, no logo, no badge frame, no border, no background scene, no landscape, no room interior, no people, no hands, no character, no extra objects, no collage, no cropped object, no cut-off edges, no low detail, no blurry render, no watercolor, no sketch lines, no photobash clutter"
building,73,wheel-and-tire-kit,WT,Wheel And Tire Kit,Wheel and Tire Kit,placeholder,C:\Users\amyle\Documents\New project\static\badges\pyr\center-art\building\wheel-and-tire-kit.png,"Wheel And Tire Kit. Subject: a single Wheel and Tire Kit. Centered premium holographic sci-fi render, dark transparent background, crisp silhouette, badge-ready.","Create a premium center illustration for a game badge about Wheel And Tire Kit. Primary subject: a single Wheel and Tire Kit. Visual goal: one instantly readable hero object that clearly represents the named item at small size. Style: polished holographic sci-fi prop render, fabrication achievement, maker prestige, forged sci-fi craftsmanship, collectible game achievement art, clean high-contrast silhouette, premium materials, subtle bevels, luminous edge lighting, restrained reflections, elegant futuristic finish. Composition: one centered object only, large in frame, isolated on a dark transparent background, no container, no scene, no additional props, no decorative frame. Color direction: blue, teal, green, purple, golden yellow, yellow accents, pink, all hues of blue, and electric cyan glow accents. Rendering notes: object should feel dimensional and cool, but still simple enough to read inside a badge shell; emphasize iconic shape first, surface detail second.","no text, no letters, no numbers, no logo, no badge frame, no border, no background scene, no landscape, no room interior, no people, no hands, no character, no extra objects, no collage, no cropped object, no cut-off edges, no low detail, no blurry render, no watercolor, no sketch lines, no photobash clutter"
building,74,ball-caster,BC,Ball Caster,Ball Caster,placeholder,C:\Users\amyle\Documents\New project\static\badges\pyr\center-art\building\ball-caster.png,"Ball Caster. Subject: a single Ball Caster. Centered premium holographic sci-fi render, dark transparent background, crisp silhouette, badge-ready.","Create a premium center illustration for a game badge about Ball Caster. Primary subject: a single Ball Caster. Visual goal: one instantly readable hero object that clearly represents the named item at small size. Style: polished holographic sci-fi prop render, fabrication achievement, maker prestige, forged sci-fi craftsmanship, collectible game achievement art, clean high-contrast silhouette, premium materials, subtle bevels, luminous edge lighting, restrained reflections, elegant futuristic finish. Composition: one centered object only, large in frame, isolated on a dark transparent background, no container, no scene, no additional props, no decorative frame. Color direction: blue, teal, green, purple, golden yellow, yellow accents, pink, all hues of blue, and electric cyan glow accents. Rendering notes: object should feel dimensional and cool, but still simple enough to read inside a badge shell; emphasize iconic shape first, surface detail second.","no text, no letters, no numbers, no logo, no badge frame, no border, no background scene, no landscape, no room interior, no people, no hands, no character, no extra objects, no collage, no cropped object, no cut-off edges, no low detail, no blurry render, no watercolor, no sketch lines, no photobash clutter"
building,75,track-system,TRA,Track System,Track System,placeholder,C:\Users\amyle\Documents\New project\static\badges\pyr\center-art\building\track-system.png,"Track System. Subject: a single Track System. Centered premium holographic sci-fi render, dark transparent background, crisp silhouette, badge-ready.","Create a premium center illustration for a game badge about Track System. Primary subject: a single Track System. Visual goal: one instantly readable hero object that clearly represents the named item at small size. Style: polished holographic sci-fi prop render, fabrication achievement, maker prestige, forged sci-fi craftsmanship, collectible game achievement art, clean high-contrast silhouette, premium materials, subtle bevels, luminous edge lighting, restrained reflections, elegant futuristic finish. Composition: one centered object only, large in frame, isolated on a dark transparent background, no container, no scene, no additional props, no decorative frame. Color direction: blue, teal, green, purple, golden yellow, yellow accents, pink, all hues of blue, and electric cyan glow accents. Rendering notes: object should feel dimensional and cool, but still simple enough to read inside a badge shell; emphasize iconic shape first, surface detail second.","no text, no letters, no numbers, no logo, no badge frame, no border, no background scene, no landscape, no room interior, no people, no hands, no character, no extra objects, no collage, no cropped object, no cut-off edges, no low detail, no blurry render, no watercolor, no sketch lines, no photobash clutter"
building,76,robot-chassis,RC,Robot Chassis,Robot Chassis,placeholder,C:\Users\amyle\Documents\New project\static\badges\pyr\center-art\building\robot-chassis.png,"Robot Chassis. Subject: a single Robot Chassis. Centered premium holographic sci-fi render, dark transparent background, crisp silhouette, badge-ready.","Create a premium center illustration for a game badge about Robot Chassis. Primary subject: a single Robot Chassis. Visual goal: one instantly readable hero object that clearly represents the named item at small size. Style: polished holographic sci-fi prop render, fabrication achievement, maker prestige, forged sci-fi craftsmanship, collectible game achievement art, clean high-contrast silhouette, premium materials, subtle bevels, luminous edge lighting, restrained reflections, elegant futuristic finish. Composition: one centered object only, large in frame, isolated on a dark transparent background, no container, no scene, no additional props, no decorative frame. Color direction: blue, teal, green, purple, golden yellow, yellow accents, pink, all hues of blue, and electric cyan glow accents. Rendering notes: object should feel dimensional and cool, but still simple enough to read inside a badge shell; emphasize iconic shape first, surface detail second.","no text, no letters, no numbers, no logo, no badge frame, no border, no background scene, no landscape, no room interior, no people, no hands, no character, no extra objects, no collage, no cropped object, no cut-off edges, no low detail, no blurry render, no watercolor, no sketch lines, no photobash clutter"
building,77,claw,CLA,Claw,Claw,placeholder,C:\Users\amyle\Documents\New project\static\badges\pyr\center-art\building\claw.png,"Claw. Subject: a mechanical gripper tool with visible fingers and hinges. Centered premium holographic sci-fi render, dark transparent background, crisp silhouette, badge-ready.","Create a premium center illustration for a game badge about Claw. Primary subject: a mechanical gripper tool with visible fingers and hinges. Visual goal: one instantly readable hero object that clearly represents the named item at small size. Style: polished holographic sci-fi prop render, fabrication achievement, maker prestige, forged sci-fi craftsmanship, collectible game achievement art, clean high-contrast silhouette, premium materials, subtle bevels, luminous edge lighting, restrained reflections, elegant futuristic finish. Composition: one centered object only, large in frame, isolated on a dark transparent background, no container, no scene, no additional props, no decorative frame. Color direction: blue, teal, green, purple, golden yellow, yellow accents, pink, all hues of blue, and electric cyan glow accents. Rendering notes: object should feel dimensional and cool, but still simple enough to read inside a badge shell; emphasize iconic shape first, surface detail second.","no text, no letters, no numbers, no logo, no badge frame, no border, no background scene, no landscape, no room interior, no people, no hands, no character, no extra objects, no collage, no cropped object, no cut-off edges, no low detail, no blurry render, no watercolor, no sketch lines, no photobash clutter"
building,78,gripper-kit,GRI,Gripper Kit,Gripper Kit,placeholder,C:\Users\amyle\Documents\New project\static\badges\pyr\center-art\building\gripper-kit.png,"Gripper Kit. Subject: a mechanical gripper tool with visible fingers and hinges. Centered premium holographic sci-fi render, dark transparent background, crisp silhouette, badge-ready.","Create a premium center illustration for a game badge about Gripper Kit. Primary subject: a mechanical gripper tool with visible fingers and hinges. Visual goal: one instantly readable hero object that clearly represents the named item at small size. Style: polished holographic sci-fi prop render, fabrication achievement, maker prestige, forged sci-fi craftsmanship, collectible game achievement art, clean high-contrast silhouette, premium materials, subtle bevels, luminous edge lighting, restrained reflections, elegant futuristic finish. Composition: one centered object only, large in frame, isolated on a dark transparent background, no container, no scene, no additional props, no decorative frame. Color direction: blue, teal, green, purple, golden yellow, yellow accents, pink, all hues of blue, and electric cyan glow accents. Rendering notes: object should feel dimensional and cool, but still simple enough to read inside a badge shell; emphasize iconic shape first, surface detail second.","no text, no letters, no numbers, no logo, no badge frame, no border, no background scene, no landscape, no room interior, no people, no hands, no character, no extra objects, no collage, no cropped object, no cut-off edges, no low detail, no blurry render, no watercolor, no sketch lines, no photobash clutter"
building,79,robot-arm-kit,RA,Robot Arm Kit,Robot Arm Kit,placeholder,C:\Users\amyle\Documents\New project\static\badges\pyr\center-art\building\robot-arm-kit.png,"Robot Arm Kit. Subject: a robotic arm with articulated joints and a tool head. Centered premium holographic sci-fi render, dark transparent background, crisp silhouette, badge-ready.","Create a premium center illustration for a game badge about Robot Arm Kit. Primary subject: a robotic arm with articulated joints and a tool head. Visual goal: one instantly readable hero object that clearly represents the named item at small size. Style: polished holographic sci-fi prop render, fabrication achievement, maker prestige, forged sci-fi craftsmanship, collectible game achievement art, clean high-contrast silhouette, premium materials, subtle bevels, luminous edge lighting, restrained reflections, elegant futuristic finish. Composition: one centered object only, large in frame, isolated on a dark transparent background, no container, no scene, no additional props, no decorative frame. Color direction: blue, teal, green, purple, golden yellow, yellow accents, pink, all hues of blue, and electric cyan glow accents. Rendering notes: object should feel dimensional and cool, but still simple enough to read inside a badge shell; emphasize iconic shape first, surface detail second.","no text, no letters, no numbers, no logo, no badge frame, no border, no background scene, no landscape, no room interior, no people, no hands, no character, no extra objects, no collage, no cropped object, no cut-off edges, no low detail, no blurry render, no watercolor, no sketch lines, no photobash clutter"
building,80,robotic-fabricator,RF,Robotic Fabricator,Robotic Fabricator,placeholder,C:\Users\amyle\Documents\New project\static\badges\pyr\center-art\building\robotic-fabricator.png,"Robotic Fabricator. Subject: a single Robotic Fabricator. Centered premium holographic sci-fi render, dark transparent background, crisp silhouette, badge-ready.","Create a premium center illustration for a game badge about Robotic Fabricator. Primary subject: a single Robotic Fabricator. Visual goal: one instantly readable hero object that clearly represents the named item at small size. Style: polished holographic sci-fi prop render, fabrication achievement, maker prestige, forged sci-fi craftsmanship, collectible game achievement art, clean high-contrast silhouette, premium materials, subtle bevels, luminous edge lighting, restrained reflections, elegant futuristic finish. Composition: one centered object only, large in frame, isolated on a dark transparent background, no container, no scene, no additional props, no decorative frame. Color direction: blue, teal, green, purple, golden yellow, yellow accents, pink, all hues of blue, and electric cyan glow accents. Rendering notes: object should feel dimensional and cool, but still simple enough to read inside a badge shell; emphasize iconic shape first, surface detail second.","no text, no letters, no numbers, no logo, no badge frame, no border, no background scene, no landscape, no room interior, no people, no hands, no character, no extra objects, no collage, no cropped object, no cut-off edges, no low detail, no blurry render, no watercolor, no sketch lines, no photobash clutter"
building,81,3d-printer,3P,3D Printer,3D Printer,placeholder,C:\Users\amyle\Documents\New project\static\badges\pyr\center-art\building\3d-printer.png,"3D Printer. Subject: a single 3D Printer. Centered premium holographic sci-fi render, dark transparent background, crisp silhouette, badge-ready.","Create a premium center illustration for a game badge about 3D Printer. Primary subject: a single 3D Printer. Visual goal: one instantly readable hero object that clearly represents the named item at small size. Style: polished holographic sci-fi prop render, fabrication achievement, maker prestige, forged sci-fi craftsmanship, collectible game achievement art, clean high-contrast silhouette, premium materials, subtle bevels, luminous edge lighting, restrained reflections, elegant futuristic finish. Composition: one centered object only, large in frame, isolated on a dark transparent background, no container, no scene, no additional props, no decorative frame. Color direction: blue, teal, green, purple, golden yellow, yellow accents, pink, all hues of blue, and electric cyan glow accents. Rendering notes: object should feel dimensional and cool, but still simple enough to read inside a badge shell; emphasize iconic shape first, surface detail second.","no text, no letters, no numbers, no logo, no badge frame, no border, no background scene, no landscape, no room interior, no people, no hands, no character, no extra objects, no collage, no cropped object, no cut-off edges, no low detail, no blurry render, no watercolor, no sketch lines, no photobash clutter"
building,82,filament-spool,FS,Filament Spool,Filament Spool,placeholder,C:\Users\amyle\Documents\New project\static\badges\pyr\center-art\building\filament-spool.png,"Filament Spool. Subject: a single Filament Spool. Centered premium holographic sci-fi render, dark transparent background, crisp silhouette, badge-ready.","Create a premium center illustration for a game badge about Filament Spool. Primary subject: a single Filament Spool. Visual goal: one instantly readable hero object that clearly represents the named item at small size. Style: polished holographic sci-fi prop render, fabrication achievement, maker prestige, forged sci-fi craftsmanship, collectible game achievement art, clean high-contrast silhouette, premium materials, subtle bevels, luminous edge lighting, restrained reflections, elegant futuristic finish. Composition: one centered object only, large in frame, isolated on a dark transparent background, no container, no scene, no additional props, no decorative frame. Color direction: blue, teal, green, purple, golden yellow, yellow accents, pink, all hues of blue, and electric cyan glow accents. Rendering notes: object should feel dimensional and cool, but still simple enough to read inside a badge shell; emphasize iconic shape first, surface detail second.","no text, no letters, no numbers, no logo, no badge frame, no border, no background scene, no landscape, no room interior, no people, no hands, no character, no extra objects, no collage, no cropped object, no cut-off edges, no low detail, no blurry render, no watercolor, no sketch lines, no photobash clutter"
building,83,resin-vat,RV,Resin Vat,Resin Vat,placeholder,C:\Users\amyle\Documents\New project\static\badges\pyr\center-art\building\resin-vat.png,"Resin Vat. Subject: a single Resin Vat. Centered premium holographic sci-fi render, dark transparent background, crisp silhouette, badge-ready.","Create a premium center illustration for a game badge about Resin Vat. Primary subject: a single Resin Vat. Visual goal: one instantly readable hero object that clearly represents the named item at small size. Style: polished holographic sci-fi prop render, fabrication achievement, maker prestige, forged sci-fi craftsmanship, collectible game achievement art, clean high-contrast silhouette, premium materials, subtle bevels, luminous edge lighting, restrained reflections, elegant futuristic finish. Composition: one centered object only, large in frame, isolated on a dark transparent background, no container, no scene, no additional props, no decorative frame. Color direction: blue, teal, green, purple, golden yellow, yellow accents, pink, all hues of blue, and electric cyan glow accents. Rendering notes: object should feel dimensional and cool, but still simple enough to read inside a badge shell; emphasize iconic shape first, surface detail second.","no text, no letters, no numbers, no logo, no badge frame, no border, no background scene, no landscape, no room interior, no people, no hands, no character, no extra objects, no collage, no cropped object, no cut-off edges, no low detail, no blurry render, no watercolor, no sketch lines, no photobash clutter"
building,84,laser-cutter,LC,Laser Cutter,Laser Cutter,placeholder,C:\Users\amyle\Documents\New project\static\badges\pyr\center-art\building\laser-cutter.png,"Laser Cutter. Subject: a single Laser Cutter. Centered premium holographic sci-fi render, dark transparent background, crisp silhouette, badge-ready.","Create a premium center illustration for a game badge about Laser Cutter. Primary subject: a single Laser Cutter. Visual goal: one instantly readable hero object that clearly represents the named item at small size. Style: polished holographic sci-fi prop render, fabrication achievement, maker prestige, forged sci-fi craftsmanship, collectible game achievement art, clean high-contrast silhouette, premium materials, subtle bevels, luminous edge lighting, restrained reflections, elegant futuristic finish. Composition: one centered object only, large in frame, isolated on a dark transparent background, no container, no scene, no additional props, no decorative frame. Color direction: blue, teal, green, purple, golden yellow, yellow accents, pink, all hues of blue, and electric cyan glow accents. Rendering notes: object should feel dimensional and cool, but still simple enough to read inside a badge shell; emphasize iconic shape first, surface detail second.","no text, no letters, no numbers, no logo, no badge frame, no border, no background scene, no landscape, no room interior, no people, no hands, no character, no extra objects, no collage, no cropped object, no cut-off edges, no low detail, no blurry render, no watercolor, no sketch lines, no photobash clutter"
building,85,cnc-router,CR,CNC Router,CNC Router,placeholder,C:\Users\amyle\Documents\New project\static\badges\pyr\center-art\building\cnc-router.png,"CNC Router. Subject: a single CNC Router. Centered premium holographic sci-fi render, dark transparent background, crisp silhouette, badge-ready.","Create a premium center illustration for a game badge about CNC Router. Primary subject: a single CNC Router. Visual goal: one instantly readable hero object that clearly represents the named item at small size. Style: polished holographic sci-fi prop render, fabrication achievement, maker prestige, forged sci-fi craftsmanship, collectible game achievement art, clean high-contrast silhouette, premium materials, subtle bevels, luminous edge lighting, restrained reflections, elegant futuristic finish. Composition: one centered object only, large in frame, isolated on a dark transparent background, no container, no scene, no additional props, no decorative frame. Color direction: blue, teal, green, purple, golden yellow, yellow accents, pink, all hues of blue, and electric cyan glow accents. Rendering notes: object should feel dimensional and cool, but still simple enough to read inside a badge shell; emphasize iconic shape first, surface detail second.","no text, no letters, no numbers, no logo, no badge frame, no border, no background scene, no landscape, no room interior, no people, no hands, no character, no extra objects, no collage, no cropped object, no cut-off edges, no low detail, no blurry render, no watercolor, no sketch lines, no photobash clutter"
building,86,milling-machine,MM,Milling Machine,Milling Machine,placeholder,C:\Users\amyle\Documents\New project\static\badges\pyr\center-art\building\milling-machine.png,"Milling Machine. Subject: a single Milling Machine. Centered premium holographic sci-fi render, dark transparent background, crisp silhouette, badge-ready.","Create a premium center illustration for a game badge about Milling Machine. Primary subject: a single Milling Machine. Visual goal: one instantly readable hero object that clearly represents the named item at small size. Style: polished holographic sci-fi prop render, fabrication achievement, maker prestige, forged sci-fi craftsmanship, collectible game achievement art, clean high-contrast silhouette, premium materials, subtle bevels, luminous edge lighting, restrained reflections, elegant futuristic finish. Composition: one centered object only, large in frame, isolated on a dark transparent background, no container, no scene, no additional props, no decorative frame. Color direction: blue, teal, green, purple, golden yellow, yellow accents, pink, all hues of blue, and electric cyan glow accents. Rendering notes: object should feel dimensional and cool, but still simple enough to read inside a badge shell; emphasize iconic shape first, surface detail second.","no text, no letters, no numbers, no logo, no badge frame, no border, no background scene, no landscape, no room interior, no people, no hands, no character, no extra objects, no collage, no cropped object, no cut-off edges, no low detail, no blurry render, no watercolor, no sketch lines, no photobash clutter"
building,87,drill-press,DP,Drill Press,Drill Press,placeholder,C:\Users\amyle\Documents\New project\static\badges\pyr\center-art\building\drill-press.png,"Drill Press. Subject: a single Drill Press. Centered premium holographic sci-fi render, dark transparent background, crisp silhouette, badge-ready.","Create a premium center illustration for a game badge about Drill Press. Primary subject: a single Drill Press. Visual goal: one instantly readable hero object that clearly represents the named item at small size. Style: polished holographic sci-fi prop render, fabrication achievement, maker prestige, forged sci-fi craftsmanship, collectible game achievement art, clean high-contrast silhouette, premium materials, subtle bevels, luminous edge lighting, restrained reflections, elegant futuristic finish. Composition: one centered object only, large in frame, isolated on a dark transparent background, no container, no scene, no additional props, no decorative frame. Color direction: blue, teal, green, purple, golden yellow, yellow accents, pink, all hues of blue, and electric cyan glow accents. Rendering notes: object should feel dimensional and cool, but still simple enough to read inside a badge shell; emphasize iconic shape first, surface detail second.","no text, no letters, no numbers, no logo, no badge frame, no border, no background scene, no landscape, no room interior, no people, no hands, no character, no extra objects, no collage, no cropped object, no cut-off edges, no low detail, no blurry render, no watercolor, no sketch lines, no photobash clutter"
building,88,bandsaw,BAN,Bandsaw,Bandsaw,placeholder,C:\Users\amyle\Documents\New project\static\badges\pyr\center-art\building\bandsaw.png,"Bandsaw. Subject: a single Bandsaw. Centered premium holographic sci-fi render, dark transparent background, crisp silhouette, badge-ready.","Create a premium center illustration for a game badge about Bandsaw. Primary subject: a single Bandsaw. Visual goal: one instantly readable hero object that clearly represents the named item at small size. Style: polished holographic sci-fi prop render, fabrication achievement, maker prestige, forged sci-fi craftsmanship, collectible game achievement art, clean high-contrast silhouette, premium materials, subtle bevels, luminous edge lighting, restrained reflections, elegant futuristic finish. Composition: one centered object only, large in frame, isolated on a dark transparent background, no container, no scene, no additional props, no decorative frame. Color direction: blue, teal, green, purple, golden yellow, yellow accents, pink, all hues of blue, and electric cyan glow accents. Rendering notes: object should feel dimensional and cool, but still simple enough to read inside a badge shell; emphasize iconic shape first, surface detail second.","no text, no letters, no numbers, no logo, no badge frame, no border, no background scene, no landscape, no room interior, no people, no hands, no character, no extra objects, no collage, no cropped object, no cut-off edges, no low detail, no blurry render, no watercolor, no sketch lines, no photobash clutter"
building,89,table-saw,TS,Table Saw,Table Saw,placeholder,C:\Users\amyle\Documents\New project\static\badges\pyr\center-art\building\table-saw.png,"Table Saw. Subject: a single Table Saw. Centered premium holographic sci-fi render, dark transparent background, crisp silhouette, badge-ready.","Create a premium center illustration for a game badge about Table Saw. Primary subject: a single Table Saw. Visual goal: one instantly readable hero object that clearly represents the named item at small size. Style: polished holographic sci-fi prop render, fabrication achievement, maker prestige, forged sci-fi craftsmanship, collectible game achievement art, clean high-contrast silhouette, premium materials, subtle bevels, luminous edge lighting, restrained reflections, elegant futuristic finish. Composition: one centered object only, large in frame, isolated on a dark transparent background, no container, no scene, no additional props, no decorative frame. Color direction: blue, teal, green, purple, golden yellow, yellow accents, pink, all hues of blue, and electric cyan glow accents. Rendering notes: object should feel dimensional and cool, but still simple enough to read inside a badge shell; emphasize iconic shape first, surface detail second.","no text, no letters, no numbers, no logo, no badge frame, no border, no background scene, no landscape, no room interior, no people, no hands, no character, no extra objects, no collage, no cropped object, no cut-off edges, no low detail, no blurry render, no watercolor, no sketch lines, no photobash clutter"
building,90,lathe,LAT,Lathe,Lathe,placeholder,C:\Users\amyle\Documents\New project\static\badges\pyr\center-art\building\lathe.png,"Lathe. Subject: a single Lathe. Centered premium holographic sci-fi render, dark transparent background, crisp silhouette, badge-ready.","Create a premium center illustration for a game badge about Lathe. Primary subject: a single Lathe. Visual goal: one instantly readable hero object that clearly represents the named item at small size. Style: polished holographic sci-fi prop render, fabrication achievement, maker prestige, forged sci-fi craftsmanship, collectible game achievement art, clean high-contrast silhouette, premium materials, subtle bevels, luminous edge lighting, restrained reflections, elegant futuristic finish. Composition: one centered object only, large in frame, isolated on a dark transparent background, no container, no scene, no additional props, no decorative frame. Color direction: blue, teal, green, purple, golden yellow, yellow accents, pink, all hues of blue, and electric cyan glow accents. Rendering notes: object should feel dimensional and cool, but still simple enough to read inside a badge shell; emphasize iconic shape first, surface detail second.","no text, no letters, no numbers, no logo, no badge frame, no border, no background scene, no landscape, no room interior, no people, no hands, no character, no extra objects, no collage, no cropped object, no cut-off edges, no low detail, no blurry render, no watercolor, no sketch lines, no photobash clutter"
building,91,linear-rail,LR,Linear Rail,Linear Rail,placeholder,C:\Users\amyle\Documents\New project\static\badges\pyr\center-art\building\linear-rail.png,"Linear Rail. Subject: a single Linear Rail. Centered premium holographic sci-fi render, dark transparent background, crisp silhouette, badge-ready.","Create a premium center illustration for a game badge about Linear Rail. Primary subject: a single Linear Rail. Visual goal: one instantly readable hero object that clearly represents the named item at small size. Style: polished holographic sci-fi prop render, fabrication achievement, maker prestige, forged sci-fi craftsmanship, collectible game achievement art, clean high-contrast silhouette, premium materials, subtle bevels, luminous edge lighting, restrained reflections, elegant futuristic finish. Composition: one centered object only, large in frame, isolated on a dark transparent background, no container, no scene, no additional props, no decorative frame. Color direction: blue, teal, green, purple, golden yellow, yellow accents, pink, all hues of blue, and electric cyan glow accents. Rendering notes: object should feel dimensional and cool, but still simple enough to read inside a badge shell; emphasize iconic shape first, surface detail second.","no text, no letters, no numbers, no logo, no badge frame, no border, no background scene, no landscape, no room interior, no people, no hands, no character, no extra objects, no collage, no cropped object, no cut-off edges, no low detail, no blurry render, no watercolor, no sketch lines, no photobash clutter"
building,92,gearbox,GEA,Gearbox,Gearbox,placeholder,C:\Users\amyle\Documents\New project\static\badges\pyr\center-art\building\gearbox.png,"Gearbox. Subject: a single Gearbox. Centered premium holographic sci-fi render, dark transparent background, crisp silhouette, badge-ready.","Create a premium center illustration for a game badge about Gearbox. Primary subject: a single Gearbox. Visual goal: one instantly readable hero object that clearly represents the named item at small size. Style: polished holographic sci-fi prop render, fabrication achievement, maker prestige, forged sci-fi craftsmanship, collectible game achievement art, clean high-contrast silhouette, premium materials, subtle bevels, luminous edge lighting, restrained reflections, elegant futuristic finish. Composition: one centered object only, large in frame, isolated on a dark transparent background, no container, no scene, no additional props, no decorative frame. Color direction: blue, teal, green, purple, golden yellow, yellow accents, pink, all hues of blue, and electric cyan glow accents. Rendering notes: object should feel dimensional and cool, but still simple enough to read inside a badge shell; emphasize iconic shape first, surface detail second.","no text, no letters, no numbers, no logo, no badge frame, no border, no background scene, no landscape, no room interior, no people, no hands, no character, no extra objects, no collage, no cropped object, no cut-off edges, no low detail, no blurry render, no watercolor, no sketch lines, no photobash clutter"
building,93,carbon-fiber,CF,Carbon Fiber,Carbon Fiber,placeholder,C:\Users\amyle\Documents\New project\static\badges\pyr\center-art\building\carbon-fiber.png,"Carbon Fiber. Subject: a single Carbon Fiber. Centered premium holographic sci-fi render, dark transparent background, crisp silhouette, badge-ready.","Create a premium center illustration for a game badge about Carbon Fiber. Primary subject: a single Carbon Fiber. Visual goal: one instantly readable hero object that clearly represents the named item at small size. Style: polished holographic sci-fi prop render, fabrication achievement, maker prestige, forged sci-fi craftsmanship, collectible game achievement art, clean high-contrast silhouette, premium materials, subtle bevels, luminous edge lighting, restrained reflections, elegant futuristic finish. Composition: one centered object only, large in frame, isolated on a dark transparent background, no container, no scene, no additional props, no decorative frame. Color direction: blue, teal, green, purple, golden yellow, yellow accents, pink, all hues of blue, and electric cyan glow accents. Rendering notes: object should feel dimensional and cool, but still simple enough to read inside a badge shell; emphasize iconic shape first, surface detail second.","no text, no letters, no numbers, no logo, no badge frame, no border, no background scene, no landscape, no room interior, no people, no hands, no character, no extra objects, no collage, no cropped object, no cut-off edges, no low detail, no blurry render, no watercolor, no sketch lines, no photobash clutter"
building,94,kevlar,KEV,Kevlar,Kevlar,placeholder,C:\Users\amyle\Documents\New project\static\badges\pyr\center-art\building\kevlar.png,"Kevlar. Subject: a single Kevlar. Centered premium holographic sci-fi render, dark transparent background, crisp silhouette, badge-ready.","Create a premium center illustration for a game badge about Kevlar. Primary subject: a single Kevlar. Visual goal: one instantly readable hero object that clearly represents the named item at small size. Style: polished holographic sci-fi prop render, fabrication achievement, maker prestige, forged sci-fi craftsmanship, collectible game achievement art, clean high-contrast silhouette, premium materials, subtle bevels, luminous edge lighting, restrained reflections, elegant futuristic finish. Composition: one centered object only, large in frame, isolated on a dark transparent background, no container, no scene, no additional props, no decorative frame. Color direction: blue, teal, green, purple, golden yellow, yellow accents, pink, all hues of blue, and electric cyan glow accents. Rendering notes: object should feel dimensional and cool, but still simple enough to read inside a badge shell; emphasize iconic shape first, surface detail second.","no text, no letters, no numbers, no logo, no badge frame, no border, no background scene, no landscape, no room interior, no people, no hands, no character, no extra objects, no collage, no cropped object, no cut-off edges, no low detail, no blurry render, no watercolor, no sketch lines, no photobash clutter"
building,95,vacuum-tube,VT,Vacuum Tube,Vacuum Tube,placeholder,C:\Users\amyle\Documents\New project\static\badges\pyr\center-art\building\vacuum-tube.png,"Vacuum Tube. Subject: a single Vacuum Tube. Centered premium holographic sci-fi render, dark transparent background, crisp silhouette, badge-ready.","Create a premium center illustration for a game badge about Vacuum Tube. Primary subject: a single Vacuum Tube. Visual goal: one instantly readable hero object that clearly represents the named item at small size. Style: polished holographic sci-fi prop render, fabrication achievement, maker prestige, forged sci-fi craftsmanship, collectible game achievement art, clean high-contrast silhouette, premium materials, subtle bevels, luminous edge lighting, restrained reflections, elegant futuristic finish. Composition: one centered object only, large in frame, isolated on a dark transparent background, no container, no scene, no additional props, no decorative frame. Color direction: blue, teal, green, purple, golden yellow, yellow accents, pink, all hues of blue, and electric cyan glow accents. Rendering notes: object should feel dimensional and cool, but still simple enough to read inside a badge shell; emphasize iconic shape first, surface detail second.","no text, no letters, no numbers, no logo, no badge frame, no border, no background scene, no landscape, no room interior, no people, no hands, no character, no extra objects, no collage, no cropped object, no cut-off edges, no low detail, no blurry render, no watercolor, no sketch lines, no photobash clutter"
building,96,transistor,TRA,Transistor,Transistor,placeholder,C:\Users\amyle\Documents\New project\static\badges\pyr\center-art\building\transistor.png,"Transistor. Subject: a single Transistor. Centered premium holographic sci-fi render, dark transparent background, crisp silhouette, badge-ready.","Create a premium center illustration for a game badge about Transistor. Primary subject: a single Transistor. Visual goal: one instantly readable hero object that clearly represents the named item at small size. Style: polished holographic sci-fi prop render, fabrication achievement, maker prestige, forged sci-fi craftsmanship, collectible game achievement art, clean high-contrast silhouette, premium materials, subtle bevels, luminous edge lighting, restrained reflections, elegant futuristic finish. Composition: one centered object only, large in frame, isolated on a dark transparent background, no container, no scene, no additional props, no decorative frame. Color direction: blue, teal, green, purple, golden yellow, yellow accents, pink, all hues of blue, and electric cyan glow accents. Rendering notes: object should feel dimensional and cool, but still simple enough to read inside a badge shell; emphasize iconic shape first, surface detail second.","no text, no letters, no numbers, no logo, no badge frame, no border, no background scene, no landscape, no room interior, no people, no hands, no character, no extra objects, no collage, no cropped object, no cut-off edges, no low detail, no blurry render, no watercolor, no sketch lines, no photobash clutter"
building,97,gantry-crane,GC,Gantry Crane,Gantry Crane,placeholder,C:\Users\amyle\Documents\New project\static\badges\pyr\center-art\building\gantry-crane.png,"Gantry Crane. Subject: a single Gantry Crane. Centered premium holographic sci-fi render, dark transparent background, crisp silhouette, badge-ready.","Create a premium center illustration for a game badge about Gantry Crane. Primary subject: a single Gantry Crane. Visual goal: one instantly readable hero object that clearly represents the named item at small size. Style: polished holographic sci-fi prop render, fabrication achievement, maker prestige, forged sci-fi craftsmanship, collectible game achievement art, clean high-contrast silhouette, premium materials, subtle bevels, luminous edge lighting, restrained reflections, elegant futuristic finish. Composition: one centered object only, large in frame, isolated on a dark transparent background, no container, no scene, no additional props, no decorative frame. Color direction: blue, teal, green, purple, golden yellow, yellow accents, pink, all hues of blue, and electric cyan glow accents. Rendering notes: object should feel dimensional and cool, but still simple enough to read inside a badge shell; emphasize iconic shape first, surface detail second.","no text, no letters, no numbers, no logo, no badge frame, no border, no background scene, no landscape, no room interior, no people, no hands, no character, no extra objects, no collage, no cropped object, no cut-off edges, no low detail, no blurry render, no watercolor, no sketch lines, no photobash clutter"
building,98,robotic-welder,RW,Robotic Welder,Robotic Welder,placeholder,C:\Users\amyle\Documents\New project\static\badges\pyr\center-art\building\robotic-welder.png,"Robotic Welder. Subject: a single Robotic Welder. Centered premium holographic sci-fi render, dark transparent background, crisp silhouette, badge-ready.","Create a premium center illustration for a game badge about Robotic Welder. Primary subject: a single Robotic Welder. Visual goal: one instantly readable hero object that clearly represents the named item at small size. Style: polished holographic sci-fi prop render, fabrication achievement, maker prestige, forged sci-fi craftsmanship, collectible game achievement art, clean high-contrast silhouette, premium materials, subtle bevels, luminous edge lighting, restrained reflections, elegant futuristic finish. Composition: one centered object only, large in frame, isolated on a dark transparent background, no container, no scene, no additional props, no decorative frame. Color direction: blue, teal, green, purple, golden yellow, yellow accents, pink, all hues of blue, and electric cyan glow accents. Rendering notes: object should feel dimensional and cool, but still simple enough to read inside a badge shell; emphasize iconic shape first, surface detail second.","no text, no letters, no numbers, no logo, no badge frame, no border, no background scene, no landscape, no room interior, no people, no hands, no character, no extra objects, no collage, no cropped object, no cut-off edges, no low detail, no blurry render, no watercolor, no sketch lines, no photobash clutter"
building,99,autonomous-assembly-cell,AAC,Autonomous Assembly Cell,Autonomous Assembly Cell,placeholder,C:\Users\amyle\Documents\New project\static\badges\pyr\center-art\building\autonomous-assembly-cell.png,"Autonomous Assembly Cell. Subject: a single Autonomous Assembly Cell. Centered premium holographic sci-fi render, dark transparent background, crisp silhouette, badge-ready.","Create a premium center illustration for a game badge about Autonomous Assembly Cell. Primary subject: a single Autonomous Assembly Cell. Visual goal: one instantly readable hero object that clearly represents the named item at small size. Style: polished holographic sci-fi prop render, fabrication achievement, maker prestige, forged sci-fi craftsmanship, collectible game achievement art, clean high-contrast silhouette, premium materials, subtle bevels, luminous edge lighting, restrained reflections, elegant futuristic finish. Composition: one centered object only, large in frame, isolated on a dark transparent background, no container, no scene, no additional props, no decorative frame. Color direction: blue, teal, green, purple, golden yellow, yellow accents, pink, all hues of blue, and electric cyan glow accents. Rendering notes: object should feel dimensional and cool, but still simple enough to read inside a badge shell; emphasize iconic shape first, surface detail second.","no text, no letters, no numbers, no logo, no badge frame, no border, no background scene, no landscape, no room interior, no people, no hands, no character, no extra objects, no collage, no cropped object, no cut-off edges, no low detail, no blurry render, no watercolor, no sketch lines, no photobash clutter"
building,100,microfactory,MIC,Microfactory,Microfactory,placeholder,C:\Users\amyle\Documents\New project\static\badges\pyr\center-art\building\microfactory.png,"Microfactory. Subject: a single Microfactory. Centered premium holographic sci-fi render, dark transparent background, crisp silhouette, badge-ready.","Create a premium center illustration for a game badge about Microfactory. Primary subject: a single Microfactory. Visual goal: one instantly readable hero object that clearly represents the named item at small size. Style: polished holographic sci-fi prop render, fabrication achievement, maker prestige, forged sci-fi craftsmanship, collectible game achievement art, clean high-contrast silhouette, premium materials, subtle bevels, luminous edge lighting, restrained reflections, elegant futuristic finish. Composition: one centered object only, large in frame, isolated on a dark transparent background, no container, no scene, no additional props, no decorative frame. Color direction: blue, teal, green, purple, golden yellow, yellow accents, pink, all hues of blue, and electric cyan glow accents. Rendering notes: object should feel dimensional and cool, but still simple enough to read inside a badge shell; emphasize iconic shape first, surface detail second.","no text, no letters, no numbers, no logo, no badge frame, no border, no background scene, no landscape, no room interior, no people, no hands, no character, no extra objects, no collage, no cropped object, no cut-off edges, no low detail, no blurry render, no watercolor, no sketch lines, no photobash clutter"
exploration,1,scroll,SCR,Scroll,Scroll,ready,C:\Users\amyle\Documents\New project\static\badges\pyr\center-art\exploration\scroll.png,"Scroll. Subject: a single Scroll. Centered premium holographic sci-fi render, dark transparent background, crisp silhouette, badge-ready.","Create a premium center illustration for a game badge about Scroll. Primary subject: a single Scroll. Visual goal: one instantly readable hero object that clearly represents the named item at small size. Style: polished holographic sci-fi prop render, exploration achievement, survey prestige, advanced sci-fi discovery, collectible game achievement art, clean high-contrast silhouette, premium materials, subtle bevels, luminous edge lighting, restrained reflections, elegant futuristic finish. Composition: one centered object only, large in frame, isolated on a dark transparent background, no container, no scene, no additional props, no decorative frame. Color direction: blue, teal, green, purple, golden yellow, yellow accents, pink, all hues of blue, and electric cyan glow accents. Rendering notes: object should feel dimensional and cool, but still simple enough to read inside a badge shell; emphasize iconic shape first, surface detail second.","no text, no letters, no numbers, no logo, no badge frame, no border, no background scene, no landscape, no room interior, no people, no hands, no character, no extra objects, no collage, no cropped object, no cut-off edges, no low detail, no blurry render, no watercolor, no sketch lines, no photobash clutter"
exploration,2,pencil,PEN,Pencil,Pencil,ready,C:\Users\amyle\Documents\New project\static\badges\pyr\center-art\exploration\pencil.png,"Pencil. Subject: a single Pencil. Centered premium holographic sci-fi render, dark transparent background, crisp silhouette, badge-ready.","Create a premium center illustration for a game badge about Pencil. Primary subject: a single Pencil. Visual goal: one instantly readable hero object that clearly represents the named item at small size. Style: polished holographic sci-fi prop render, exploration achievement, survey prestige, advanced sci-fi discovery, collectible game achievement art, clean high-contrast silhouette, premium materials, subtle bevels, luminous edge lighting, restrained reflections, elegant futuristic finish. Composition: one centered object only, large in frame, isolated on a dark transparent background, no container, no scene, no additional props, no decorative frame. Color direction: blue, teal, green, purple, golden yellow, yellow accents, pink, all hues of blue, and electric cyan glow accents. Rendering notes: object should feel dimensional and cool, but still simple enough to read inside a badge shell; emphasize iconic shape first, surface detail second.","no text, no letters, no numbers, no logo, no badge frame, no border, no background scene, no landscape, no room interior, no people, no hands, no character, no extra objects, no collage, no cropped object, no cut-off edges, no low detail, no blurry render, no watercolor, no sketch lines, no photobash clutter"
exploration,3,ink,INK,Ink,Ink,ready,C:\Users\amyle\Documents\New project\static\badges\pyr\center-art\exploration\ink.png,"Ink. Subject: a single Ink. Centered premium holographic sci-fi render, dark transparent background, crisp silhouette, badge-ready.","Create a premium center illustration for a game badge about Ink. Primary subject: a single Ink. Visual goal: one instantly readable hero object that clearly represents the named item at small size. Style: polished holographic sci-fi prop render, exploration achievement, survey prestige, advanced sci-fi discovery, collectible game achievement art, clean high-contrast silhouette, premium materials, subtle bevels, luminous edge lighting, restrained reflections, elegant futuristic finish. Composition: one centered object only, large in frame, isolated on a dark transparent background, no container, no scene, no additional props, no decorative frame. Color direction: blue, teal, green, purple, golden yellow, yellow accents, pink, all hues of blue, and electric cyan glow accents. Rendering notes: object should feel dimensional and cool, but still simple enough to read inside a badge shell; emphasize iconic shape first, surface detail second.","no text, no letters, no numbers, no logo, no badge frame, no border, no background scene, no landscape, no room interior, no people, no hands, no character, no extra objects, no collage, no cropped object, no cut-off edges, no low detail, no blurry render, no watercolor, no sketch lines, no photobash clutter"
exploration,4,fountain-pen,FP,Fountain Pen,Fountain Pen,ready,C:\Users\amyle\Documents\New project\static\badges\pyr\center-art\exploration\fountain-pen.png,"Fountain Pen. Subject: a single Fountain Pen. Centered premium holographic sci-fi render, dark transparent background, crisp silhouette, badge-ready.","Create a premium center illustration for a game badge about Fountain Pen. Primary subject: a single Fountain Pen. Visual goal: one instantly readable hero object that clearly represents the named item at small size. Style: polished holographic sci-fi prop render, exploration achievement, survey prestige, advanced sci-fi discovery, collectible game achievement art, clean high-contrast silhouette, premium materials, subtle bevels, luminous edge lighting, restrained reflections, elegant futuristic finish. Composition: one centered object only, large in frame, isolated on a dark transparent background, no container, no scene, no additional props, no decorative frame. Color direction: blue, teal, green, purple, golden yellow, yellow accents, pink, all hues of blue, and electric cyan glow accents. Rendering notes: object should feel dimensional and cool, but still simple enough to read inside a badge shell; emphasize iconic shape first, surface detail second.","no text, no letters, no numbers, no logo, no badge frame, no border, no background scene, no landscape, no room interior, no people, no hands, no character, no extra objects, no collage, no cropped object, no cut-off edges, no low detail, no blurry render, no watercolor, no sketch lines, no photobash clutter"
exploration,5,lab-notebook,LN,Lab Notebook,Lab Notebook,ready,C:\Users\amyle\Documents\New project\static\badges\pyr\center-art\exploration\lab-notebook.png,"Lab Notebook. Subject: a single Lab Notebook. Centered premium holographic sci-fi render, dark transparent background, crisp silhouette, badge-ready.","Create a premium center illustration for a game badge about Lab Notebook. Primary subject: a single Lab Notebook. Visual goal: one instantly readable hero object that clearly represents the named item at small size. Style: polished holographic sci-fi prop render, exploration achievement, survey prestige, advanced sci-fi discovery, collectible game achievement art, clean high-contrast silhouette, premium materials, subtle bevels, luminous edge lighting, restrained reflections, elegant futuristic finish. Composition: one centered object only, large in frame, isolated on a dark transparent background, no container, no scene, no additional props, no decorative frame. Color direction: blue, teal, green, purple, golden yellow, yellow accents, pink, all hues of blue, and electric cyan glow accents. Rendering notes: object should feel dimensional and cool, but still simple enough to read inside a badge shell; emphasize iconic shape first, surface detail second.","no text, no letters, no numbers, no logo, no badge frame, no border, no background scene, no landscape, no room interior, no people, no hands, no character, no extra objects, no collage, no cropped object, no cut-off edges, no low detail, no blurry render, no watercolor, no sketch lines, no photobash clutter"
exploration,6,abacus,ABA,Abacus,Abacus,ready,C:\Users\amyle\Documents\New project\static\badges\pyr\center-art\exploration\abacus.png,"Abacus. Subject: a real abacus with a frame and clearly visible rows of beads. Centered premium holographic sci-fi render, dark transparent background, crisp silhouette, badge-ready.","Create a premium center illustration for a game badge about Abacus. Primary subject: a real abacus with a frame and clearly visible rows of beads. Visual goal: one instantly readable hero object that clearly represents the named item at small size. Style: polished holographic sci-fi prop render, exploration achievement, survey prestige, advanced sci-fi discovery, collectible game achievement art, clean high-contrast silhouette, premium materials, subtle bevels, luminous edge lighting, restrained reflections, elegant futuristic finish. Composition: one centered object only, large in frame, isolated on a dark transparent background, no container, no scene, no additional props, no decorative frame. Color direction: blue, teal, green, purple, golden yellow, yellow accents, pink, all hues of blue, and electric cyan glow accents. Rendering notes: object should feel dimensional and cool, but still simple enough to read inside a badge shell; emphasize iconic shape first, surface detail second.","no text, no letters, no numbers, no logo, no badge frame, no border, no background scene, no landscape, no room interior, no people, no hands, no character, no extra objects, no collage, no cropped object, no cut-off edges, no low detail, no blurry render, no watercolor, no sketch lines, no photobash clutter"
exploration,7,map,MAP,Map,Map,ready,C:\Users\amyle\Documents\New project\static\badges\pyr\center-art\exploration\map.png,"Map. Subject: a single Map. Centered premium holographic sci-fi render, dark transparent background, crisp silhouette, badge-ready.","Create a premium center illustration for a game badge about Map. Primary subject: a single Map. Visual goal: one instantly readable hero object that clearly represents the named item at small size. Style: polished holographic sci-fi prop render, exploration achievement, survey prestige, advanced sci-fi discovery, collectible game achievement art, clean high-contrast silhouette, premium materials, subtle bevels, luminous edge lighting, restrained reflections, elegant futuristic finish. Composition: one centered object only, large in frame, isolated on a dark transparent background, no container, no scene, no additional props, no decorative frame. Color direction: blue, teal, green, purple, golden yellow, yellow accents, pink, all hues of blue, and electric cyan glow accents. Rendering notes: object should feel dimensional and cool, but still simple enough to read inside a badge shell; emphasize iconic shape first, surface detail second.","no text, no letters, no numbers, no logo, no badge frame, no border, no background scene, no landscape, no room interior, no people, no hands, no character, no extra objects, no collage, no cropped object, no cut-off edges, no low detail, no blurry render, no watercolor, no sketch lines, no photobash clutter"
exploration,8,compass,COM,Compass,Compass,ready,C:\Users\amyle\Documents\New project\static\badges\pyr\center-art\exploration\compass.png,"Compass. Subject: a single Compass. Centered premium holographic sci-fi render, dark transparent background, crisp silhouette, badge-ready.","Create a premium center illustration for a game badge about Compass. Primary subject: a single Compass. Visual goal: one instantly readable hero object that clearly represents the named item at small size. Style: polished holographic sci-fi prop render, exploration achievement, survey prestige, advanced sci-fi discovery, collectible game achievement art, clean high-contrast silhouette, premium materials, subtle bevels, luminous edge lighting, restrained reflections, elegant futuristic finish. Composition: one centered object only, large in frame, isolated on a dark transparent background, no container, no scene, no additional props, no decorative frame. Color direction: blue, teal, green, purple, golden yellow, yellow accents, pink, all hues of blue, and electric cyan glow accents. Rendering notes: object should feel dimensional and cool, but still simple enough to read inside a badge shell; emphasize iconic shape first, surface detail second.","no text, no letters, no numbers, no logo, no badge frame, no border, no background scene, no landscape, no room interior, no people, no hands, no character, no extra objects, no collage, no cropped object, no cut-off edges, no low detail, no blurry render, no watercolor, no sketch lines, no photobash clutter"
exploration,9,cairn,CAI,Cairn,Cairn,ready,C:\Users\amyle\Documents\New project\static\badges\pyr\center-art\exploration\cairn.png,"Cairn. Subject: a stacked cairn of balanced stones. Centered premium holographic sci-fi render, dark transparent background, crisp silhouette, badge-ready.","Create a premium center illustration for a game badge about Cairn. Primary subject: a stacked cairn of balanced stones. Visual goal: one instantly readable hero object that clearly represents the named item at small size. Style: polished holographic sci-fi prop render, exploration achievement, survey prestige, advanced sci-fi discovery, collectible game achievement art, clean high-contrast silhouette, premium materials, subtle bevels, luminous edge lighting, restrained reflections, elegant futuristic finish. Composition: one centered object only, large in frame, isolated on a dark transparent background, no container, no scene, no additional props, no decorative frame. Color direction: blue, teal, green, purple, golden yellow, yellow accents, pink, all hues of blue, and electric cyan glow accents. Rendering notes: object should feel dimensional and cool, but still simple enough to read inside a badge shell; emphasize iconic shape first, surface detail second.","no text, no letters, no numbers, no logo, no badge frame, no border, no background scene, no landscape, no room interior, no people, no hands, no character, no extra objects, no collage, no cropped object, no cut-off edges, no low detail, no blurry render, no watercolor, no sketch lines, no photobash clutter"
exploration,10,sextant,SEX,Sextant,Sextant,ready,C:\Users\amyle\Documents\New project\static\badges\pyr\center-art\exploration\sextant.png,"Sextant. Subject: a single Sextant. Centered premium holographic sci-fi render, dark transparent background, crisp silhouette, badge-ready.","Create a premium center illustration for a game badge about Sextant. Primary subject: a single Sextant. Visual goal: one instantly readable hero object that clearly represents the named item at small size. Style: polished holographic sci-fi prop render, exploration achievement, survey prestige, advanced sci-fi discovery, collectible game achievement art, clean high-contrast silhouette, premium materials, subtle bevels, luminous edge lighting, restrained reflections, elegant futuristic finish. Composition: one centered object only, large in frame, isolated on a dark transparent background, no container, no scene, no additional props, no decorative frame. Color direction: blue, teal, green, purple, golden yellow, yellow accents, pink, all hues of blue, and electric cyan glow accents. Rendering notes: object should feel dimensional and cool, but still simple enough to read inside a badge shell; emphasize iconic shape first, surface detail second.","no text, no letters, no numbers, no logo, no badge frame, no border, no background scene, no landscape, no room interior, no people, no hands, no character, no extra objects, no collage, no cropped object, no cut-off edges, no low detail, no blurry render, no watercolor, no sketch lines, no photobash clutter"
exploration,11,astrolabe,AST,Astrolabe,Astrolabe,ready,C:\Users\amyle\Documents\New project\static\badges\pyr\center-art\exploration\astrolabe.png,"Astrolabe. Subject: a single Astrolabe. Centered premium holographic sci-fi render, dark transparent background, crisp silhouette, badge-ready.","Create a premium center illustration for a game badge about Astrolabe. Primary subject: a single Astrolabe. Visual goal: one instantly readable hero object that clearly represents the named item at small size. Style: polished holographic sci-fi prop render, exploration achievement, survey prestige, advanced sci-fi discovery, collectible game achievement art, clean high-contrast silhouette, premium materials, subtle bevels, luminous edge lighting, restrained reflections, elegant futuristic finish. Composition: one centered object only, large in frame, isolated on a dark transparent background, no container, no scene, no additional props, no decorative frame. Color direction: blue, teal, green, purple, golden yellow, yellow accents, pink, all hues of blue, and electric cyan glow accents. Rendering notes: object should feel dimensional and cool, but still simple enough to read inside a badge shell; emphasize iconic shape first, surface detail second.","no text, no letters, no numbers, no logo, no badge frame, no border, no background scene, no landscape, no room interior, no people, no hands, no character, no extra objects, no collage, no cropped object, no cut-off edges, no low detail, no blurry render, no watercolor, no sketch lines, no photobash clutter"
exploration,12,sundial,SUN,Sundial,Sundial,ready,C:\Users\amyle\Documents\New project\static\badges\pyr\center-art\exploration\sundial.png,"Sundial. Subject: a single Sundial. Centered premium holographic sci-fi render, dark transparent background, crisp silhouette, badge-ready.","Create a premium center illustration for a game badge about Sundial. Primary subject: a single Sundial. Visual goal: one instantly readable hero object that clearly represents the named item at small size. Style: polished holographic sci-fi prop render, exploration achievement, survey prestige, advanced sci-fi discovery, collectible game achievement art, clean high-contrast silhouette, premium materials, subtle bevels, luminous edge lighting, restrained reflections, elegant futuristic finish. Composition: one centered object only, large in frame, isolated on a dark transparent background, no container, no scene, no additional props, no decorative frame. Color direction: blue, teal, green, purple, golden yellow, yellow accents, pink, all hues of blue, and electric cyan glow accents. Rendering notes: object should feel dimensional and cool, but still simple enough to read inside a badge shell; emphasize iconic shape first, surface detail second.","no text, no letters, no numbers, no logo, no badge frame, no border, no background scene, no landscape, no room interior, no people, no hands, no character, no extra objects, no collage, no cropped object, no cut-off edges, no low detail, no blurry render, no watercolor, no sketch lines, no photobash clutter"
exploration,13,globe,GLO,Globe,Globe,ready,C:\Users\amyle\Documents\New project\static\badges\pyr\center-art\exploration\globe.png,"Globe. Subject: a single Globe. Centered premium holographic sci-fi render, dark transparent background, crisp silhouette, badge-ready.","Create a premium center illustration for a game badge about Globe. Primary subject: a single Globe. Visual goal: one instantly readable hero object that clearly represents the named item at small size. Style: polished holographic sci-fi prop render, exploration achievement, survey prestige, advanced sci-fi discovery, collectible game achievement art, clean high-contrast silhouette, premium materials, subtle bevels, luminous edge lighting, restrained reflections, elegant futuristic finish. Composition: one centered object only, large in frame, isolated on a dark transparent background, no container, no scene, no additional props, no decorative frame. Color direction: blue, teal, green, purple, golden yellow, yellow accents, pink, all hues of blue, and electric cyan glow accents. Rendering notes: object should feel dimensional and cool, but still simple enough to read inside a badge shell; emphasize iconic shape first, surface detail second.","no text, no letters, no numbers, no logo, no badge frame, no border, no background scene, no landscape, no room interior, no people, no hands, no character, no extra objects, no collage, no cropped object, no cut-off edges, no low detail, no blurry render, no watercolor, no sketch lines, no photobash clutter"
exploration,14,star-chart,SC,Star Chart,Star Chart,ready,C:\Users\amyle\Documents\New project\static\badges\pyr\center-art\exploration\star-chart.png,"Star Chart. Subject: a single Star Chart. Centered premium holographic sci-fi render, dark transparent background, crisp silhouette, badge-ready.","Create a premium center illustration for a game badge about Star Chart. Primary subject: a single Star Chart. Visual goal: one instantly readable hero object that clearly represents the named item at small size. Style: polished holographic sci-fi prop render, exploration achievement, survey prestige, advanced sci-fi discovery, collectible game achievement art, clean high-contrast silhouette, premium materials, subtle bevels, luminous edge lighting, restrained reflections, elegant futuristic finish. Composition: one centered object only, large in frame, isolated on a dark transparent background, no container, no scene, no additional props, no decorative frame. Color direction: blue, teal, green, purple, golden yellow, yellow accents, pink, all hues of blue, and electric cyan glow accents. Rendering notes: object should feel dimensional and cool, but still simple enough to read inside a badge shell; emphasize iconic shape first, surface detail second.","no text, no letters, no numbers, no logo, no badge frame, no border, no background scene, no landscape, no room interior, no people, no hands, no character, no extra objects, no collage, no cropped object, no cut-off edges, no low detail, no blurry render, no watercolor, no sketch lines, no photobash clutter"
exploration,15,magnifying-glass,MG,Magnifying Glass,Magnifying Glass,ready,C:\Users\amyle\Documents\New project\static\badges\pyr\center-art\exploration\magnifying-glass.png,"Magnifying Glass. Subject: a single Magnifying Glass. Centered premium holographic sci-fi render, dark transparent background, crisp silhouette, badge-ready.","Create a premium center illustration for a game badge about Magnifying Glass. Primary subject: a single Magnifying Glass. Visual goal: one instantly readable hero object that clearly represents the named item at small size. Style: polished holographic sci-fi prop render, exploration achievement, survey prestige, advanced sci-fi discovery, collectible game achievement art, clean high-contrast silhouette, premium materials, subtle bevels, luminous edge lighting, restrained reflections, elegant futuristic finish. Composition: one centered object only, large in frame, isolated on a dark transparent background, no container, no scene, no additional props, no decorative frame. Color direction: blue, teal, green, purple, golden yellow, yellow accents, pink, all hues of blue, and electric cyan glow accents. Rendering notes: object should feel dimensional and cool, but still simple enough to read inside a badge shell; emphasize iconic shape first, surface detail second.","no text, no letters, no numbers, no logo, no badge frame, no border, no background scene, no landscape, no room interior, no people, no hands, no character, no extra objects, no collage, no cropped object, no cut-off edges, no low detail, no blurry render, no watercolor, no sketch lines, no photobash clutter"
exploration,16,fresnel-lens,FL,Fresnel Lens,Fresnel Lens,ready,C:\Users\amyle\Documents\New project\static\badges\pyr\center-art\exploration\fresnel-lens.png,"Fresnel Lens. Subject: a single Fresnel Lens. Centered premium holographic sci-fi render, dark transparent background, crisp silhouette, badge-ready.","Create a premium center illustration for a game badge about Fresnel Lens. Primary subject: a single Fresnel Lens. Visual goal: one instantly readable hero object that clearly represents the named item at small size. Style: polished holographic sci-fi prop render, exploration achievement, survey prestige, advanced sci-fi discovery, collectible game achievement art, clean high-contrast silhouette, premium materials, subtle bevels, luminous edge lighting, restrained reflections, elegant futuristic finish. Composition: one centered object only, large in frame, isolated on a dark transparent background, no container, no scene, no additional props, no decorative frame. Color direction: blue, teal, green, purple, golden yellow, yellow accents, pink, all hues of blue, and electric cyan glow accents. Rendering notes: object should feel dimensional and cool, but still simple enough to read inside a badge shell; emphasize iconic shape first, surface detail second.","no text, no letters, no numbers, no logo, no badge frame, no border, no background scene, no landscape, no room interior, no people, no hands, no character, no extra objects, no collage, no cropped object, no cut-off edges, no low detail, no blurry render, no watercolor, no sketch lines, no photobash clutter"
exploration,17,telescope,TEL,Telescope,Telescope,ready,C:\Users\amyle\Documents\New project\static\badges\pyr\center-art\exploration\telescope.png,"Telescope. Subject: a single Telescope. Centered premium holographic sci-fi render, dark transparent background, crisp silhouette, badge-ready.","Create a premium center illustration for a game badge about Telescope. Primary subject: a single Telescope. Visual goal: one instantly readable hero object that clearly represents the named item at small size. Style: polished holographic sci-fi prop render, exploration achievement, survey prestige, advanced sci-fi discovery, collectible game achievement art, clean high-contrast silhouette, premium materials, subtle bevels, luminous edge lighting, restrained reflections, elegant futuristic finish. Composition: one centered object only, large in frame, isolated on a dark transparent background, no container, no scene, no additional props, no decorative frame. Color direction: blue, teal, green, purple, golden yellow, yellow accents, pink, all hues of blue, and electric cyan glow accents. Rendering notes: object should feel dimensional and cool, but still simple enough to read inside a badge shell; emphasize iconic shape first, surface detail second.","no text, no letters, no numbers, no logo, no badge frame, no border, no background scene, no landscape, no room interior, no people, no hands, no character, no extra objects, no collage, no cropped object, no cut-off edges, no low detail, no blurry render, no watercolor, no sketch lines, no photobash clutter"
exploration,18,binoculars,BIN,Binoculars,Binoculars,ready,C:\Users\amyle\Documents\New project\static\badges\pyr\center-art\exploration\binoculars.png,"Binoculars. Subject: a single Binoculars. Centered premium holographic sci-fi render, dark transparent background, crisp silhouette, badge-ready.","Create a premium center illustration for a game badge about Binoculars. Primary subject: a single Binoculars. Visual goal: one instantly readable hero object that clearly represents the named item at small size. Style: polished holographic sci-fi prop render, exploration achievement, survey prestige, advanced sci-fi discovery, collectible game achievement art, clean high-contrast silhouette, premium materials, subtle bevels, luminous edge lighting, restrained reflections, elegant futuristic finish. Composition: one centered object only, large in frame, isolated on a dark transparent background, no container, no scene, no additional props, no decorative frame. Color direction: blue, teal, green, purple, golden yellow, yellow accents, pink, all hues of blue, and electric cyan glow accents. Rendering notes: object should feel dimensional and cool, but still simple enough to read inside a badge shell; emphasize iconic shape first, surface detail second.","no text, no letters, no numbers, no logo, no badge frame, no border, no background scene, no landscape, no room interior, no people, no hands, no character, no extra objects, no collage, no cropped object, no cut-off edges, no low detail, no blurry render, no watercolor, no sketch lines, no photobash clutter"
exploration,19,periscope,PER,Periscope,Periscope,ready,C:\Users\amyle\Documents\New project\static\badges\pyr\center-art\exploration\periscope.png,"Periscope. Subject: a single Periscope. Centered premium holographic sci-fi render, dark transparent background, crisp silhouette, badge-ready.","Create a premium center illustration for a game badge about Periscope. Primary subject: a single Periscope. Visual goal: one instantly readable hero object that clearly represents the named item at small size. Style: polished holographic sci-fi prop render, exploration achievement, survey prestige, advanced sci-fi discovery, collectible game achievement art, clean high-contrast silhouette, premium materials, subtle bevels, luminous edge lighting, restrained reflections, elegant futuristic finish. Composition: one centered object only, large in frame, isolated on a dark transparent background, no container, no scene, no additional props, no decorative frame. Color direction: blue, teal, green, purple, golden yellow, yellow accents, pink, all hues of blue, and electric cyan glow accents. Rendering notes: object should feel dimensional and cool, but still simple enough to read inside a badge shell; emphasize iconic shape first, surface detail second.","no text, no letters, no numbers, no logo, no badge frame, no border, no background scene, no landscape, no room interior, no people, no hands, no character, no extra objects, no collage, no cropped object, no cut-off edges, no low detail, no blurry render, no watercolor, no sketch lines, no photobash clutter"
exploration,20,barometer,BAR,Barometer,Barometer,ready,C:\Users\amyle\Documents\New project\static\badges\pyr\center-art\exploration\barometer.png,"Barometer. Subject: a single Barometer. Centered premium holographic sci-fi render, dark transparent background, crisp silhouette, badge-ready.","Create a premium center illustration for a game badge about Barometer. Primary subject: a single Barometer. Visual goal: one instantly readable hero object that clearly represents the named item at small size. Style: polished holographic sci-fi prop render, exploration achievement, survey prestige, advanced sci-fi discovery, collectible game achievement art, clean high-contrast silhouette, premium materials, subtle bevels, luminous edge lighting, restrained reflections, elegant futuristic finish. Composition: one centered object only, large in frame, isolated on a dark transparent background, no container, no scene, no additional props, no decorative frame. Color direction: blue, teal, green, purple, golden yellow, yellow accents, pink, all hues of blue, and electric cyan glow accents. Rendering notes: object should feel dimensional and cool, but still simple enough to read inside a badge shell; emphasize iconic shape first, surface detail second.","no text, no letters, no numbers, no logo, no badge frame, no border, no background scene, no landscape, no room interior, no people, no hands, no character, no extra objects, no collage, no cropped object, no cut-off edges, no low detail, no blurry render, no watercolor, no sketch lines, no photobash clutter"
exploration,21,thermometer,THE,Thermometer,Thermometer,ready,C:\Users\amyle\Documents\New project\static\badges\pyr\center-art\exploration\thermometer.png,"Thermometer. Subject: a single Thermometer. Centered premium holographic sci-fi render, dark transparent background, crisp silhouette, badge-ready.","Create a premium center illustration for a game badge about Thermometer. Primary subject: a single Thermometer. Visual goal: one instantly readable hero object that clearly represents the named item at small size. Style: polished holographic sci-fi prop render, exploration achievement, survey prestige, advanced sci-fi discovery, collectible game achievement art, clean high-contrast silhouette, premium materials, subtle bevels, luminous edge lighting, restrained reflections, elegant futuristic finish. Composition: one centered object only, large in frame, isolated on a dark transparent background, no container, no scene, no additional props, no decorative frame. Color direction: blue, teal, green, purple, golden yellow, yellow accents, pink, all hues of blue, and electric cyan glow accents. Rendering notes: object should feel dimensional and cool, but still simple enough to read inside a badge shell; emphasize iconic shape first, surface detail second.","no text, no letters, no numbers, no logo, no badge frame, no border, no background scene, no landscape, no room interior, no people, no hands, no character, no extra objects, no collage, no cropped object, no cut-off edges, no low detail, no blurry render, no watercolor, no sketch lines, no photobash clutter"
exploration,22,hygrometer,HYG,Hygrometer,Hygrometer,ready,C:\Users\amyle\Documents\New project\static\badges\pyr\center-art\exploration\hygrometer.png,"Hygrometer. Subject: a single Hygrometer. Centered premium holographic sci-fi render, dark transparent background, crisp silhouette, badge-ready.","Create a premium center illustration for a game badge about Hygrometer. Primary subject: a single Hygrometer. Visual goal: one instantly readable hero object that clearly represents the named item at small size. Style: polished holographic sci-fi prop render, exploration achievement, survey prestige, advanced sci-fi discovery, collectible game achievement art, clean high-contrast silhouette, premium materials, subtle bevels, luminous edge lighting, restrained reflections, elegant futuristic finish. Composition: one centered object only, large in frame, isolated on a dark transparent background, no container, no scene, no additional props, no decorative frame. Color direction: blue, teal, green, purple, golden yellow, yellow accents, pink, all hues of blue, and electric cyan glow accents. Rendering notes: object should feel dimensional and cool, but still simple enough to read inside a badge shell; emphasize iconic shape first, surface detail second.","no text, no letters, no numbers, no logo, no badge frame, no border, no background scene, no landscape, no room interior, no people, no hands, no character, no extra objects, no collage, no cropped object, no cut-off edges, no low detail, no blurry render, no watercolor, no sketch lines, no photobash clutter"
exploration,23,altimeter,ALT,Altimeter,Altimeter,ready,C:\Users\amyle\Documents\New project\static\badges\pyr\center-art\exploration\altimeter.png,"Altimeter. Subject: a single Altimeter. Centered premium holographic sci-fi render, dark transparent background, crisp silhouette, badge-ready.","Create a premium center illustration for a game badge about Altimeter. Primary subject: a single Altimeter. Visual goal: one instantly readable hero object that clearly represents the named item at small size. Style: polished holographic sci-fi prop render, exploration achievement, survey prestige, advanced sci-fi discovery, collectible game achievement art, clean high-contrast silhouette, premium materials, subtle bevels, luminous edge lighting, restrained reflections, elegant futuristic finish. Composition: one centered object only, large in frame, isolated on a dark transparent background, no container, no scene, no additional props, no decorative frame. Color direction: blue, teal, green, purple, golden yellow, yellow accents, pink, all hues of blue, and electric cyan glow accents. Rendering notes: object should feel dimensional and cool, but still simple enough to read inside a badge shell; emphasize iconic shape first, surface detail second.","no text, no letters, no numbers, no logo, no badge frame, no border, no background scene, no landscape, no room interior, no people, no hands, no character, no extra objects, no collage, no cropped object, no cut-off edges, no low detail, no blurry render, no watercolor, no sketch lines, no photobash clutter"
exploration,24,depth-gauge,DG,Depth Gauge,Depth Gauge,ready,C:\Users\amyle\Documents\New project\static\badges\pyr\center-art\exploration\depth-gauge.png,"Depth Gauge. Subject: a single Depth Gauge. Centered premium holographic sci-fi render, dark transparent background, crisp silhouette, badge-ready.","Create a premium center illustration for a game badge about Depth Gauge. Primary subject: a single Depth Gauge. Visual goal: one instantly readable hero object that clearly represents the named item at small size. Style: polished holographic sci-fi prop render, exploration achievement, survey prestige, advanced sci-fi discovery, collectible game achievement art, clean high-contrast silhouette, premium materials, subtle bevels, luminous edge lighting, restrained reflections, elegant futuristic finish. Composition: one centered object only, large in frame, isolated on a dark transparent background, no container, no scene, no additional props, no decorative frame. Color direction: blue, teal, green, purple, golden yellow, yellow accents, pink, all hues of blue, and electric cyan glow accents. Rendering notes: object should feel dimensional and cool, but still simple enough to read inside a badge shell; emphasize iconic shape first, surface detail second.","no text, no letters, no numbers, no logo, no badge frame, no border, no background scene, no landscape, no room interior, no people, no hands, no character, no extra objects, no collage, no cropped object, no cut-off edges, no low detail, no blurry render, no watercolor, no sketch lines, no photobash clutter"
exploration,25,gyroscope,GYR,Gyroscope,Gyroscope,ready,C:\Users\amyle\Documents\New project\static\badges\pyr\center-art\exploration\gyroscope.png,"Gyroscope. Subject: a single Gyroscope. Centered premium holographic sci-fi render, dark transparent background, crisp silhouette, badge-ready.","Create a premium center illustration for a game badge about Gyroscope. Primary subject: a single Gyroscope. Visual goal: one instantly readable hero object that clearly represents the named item at small size. Style: polished holographic sci-fi prop render, exploration achievement, survey prestige, advanced sci-fi discovery, collectible game achievement art, clean high-contrast silhouette, premium materials, subtle bevels, luminous edge lighting, restrained reflections, elegant futuristic finish. Composition: one centered object only, large in frame, isolated on a dark transparent background, no container, no scene, no additional props, no decorative frame. Color direction: blue, teal, green, purple, golden yellow, yellow accents, pink, all hues of blue, and electric cyan glow accents. Rendering notes: object should feel dimensional and cool, but still simple enough to read inside a badge shell; emphasize iconic shape first, surface detail second.","no text, no letters, no numbers, no logo, no badge frame, no border, no background scene, no landscape, no room interior, no people, no hands, no character, no extra objects, no collage, no cropped object, no cut-off edges, no low detail, no blurry render, no watercolor, no sketch lines, no photobash clutter"
exploration,26,accelerometer,ACC,Accelerometer,Accelerometer,ready,C:\Users\amyle\Documents\New project\static\badges\pyr\center-art\exploration\accelerometer.png,"Accelerometer. Subject: a single Accelerometer. Centered premium holographic sci-fi render, dark transparent background, crisp silhouette, badge-ready.","Create a premium center illustration for a game badge about Accelerometer. Primary subject: a single Accelerometer. Visual goal: one instantly readable hero object that clearly represents the named item at small size. Style: polished holographic sci-fi prop render, exploration achievement, survey prestige, advanced sci-fi discovery, collectible game achievement art, clean high-contrast silhouette, premium materials, subtle bevels, luminous edge lighting, restrained reflections, elegant futuristic finish. Composition: one centered object only, large in frame, isolated on a dark transparent background, no container, no scene, no additional props, no decorative frame. Color direction: blue, teal, green, purple, golden yellow, yellow accents, pink, all hues of blue, and electric cyan glow accents. Rendering notes: object should feel dimensional and cool, but still simple enough to read inside a badge shell; emphasize iconic shape first, surface detail second.","no text, no letters, no numbers, no logo, no badge frame, no border, no background scene, no landscape, no room interior, no people, no hands, no character, no extra objects, no collage, no cropped object, no cut-off edges, no low detail, no blurry render, no watercolor, no sketch lines, no photobash clutter"
exploration,27,multimeter,MUL,Multimeter,Multimeter,ready,C:\Users\amyle\Documents\New project\static\badges\pyr\center-art\exploration\multimeter.png,"Multimeter. Subject: a handheld digital multimeter with dial and display. Centered premium holographic sci-fi render, dark transparent background, crisp silhouette, badge-ready.","Create a premium center illustration for a game badge about Multimeter. Primary subject: a handheld digital multimeter with dial and display. Visual goal: one instantly readable hero object that clearly represents the named item at small size. Style: polished holographic sci-fi prop render, exploration achievement, survey prestige, advanced sci-fi discovery, collectible game achievement art, clean high-contrast silhouette, premium materials, subtle bevels, luminous edge lighting, restrained reflections, elegant futuristic finish. Composition: one centered object only, large in frame, isolated on a dark transparent background, no container, no scene, no additional props, no decorative frame. Color direction: blue, teal, green, purple, golden yellow, yellow accents, pink, all hues of blue, and electric cyan glow accents. Rendering notes: object should feel dimensional and cool, but still simple enough to read inside a badge shell; emphasize iconic shape first, surface detail second.","no text, no letters, no numbers, no logo, no badge frame, no border, no background scene, no landscape, no room interior, no people, no hands, no character, no extra objects, no collage, no cropped object, no cut-off edges, no low detail, no blurry render, no watercolor, no sketch lines, no photobash clutter"
exploration,28,oscilloscope,OSC,Oscilloscope,Oscilloscope,ready,C:\Users\amyle\Documents\New project\static\badges\pyr\center-art\exploration\oscilloscope.png,"Oscilloscope. Subject: a benchtop oscilloscope with a glowing waveform display. Centered premium holographic sci-fi render, dark transparent background, crisp silhouette, badge-ready.","Create a premium center illustration for a game badge about Oscilloscope. Primary subject: a benchtop oscilloscope with a glowing waveform display. Visual goal: one instantly readable hero object that clearly represents the named item at small size. Style: polished holographic sci-fi prop render, exploration achievement, survey prestige, advanced sci-fi discovery, collectible game achievement art, clean high-contrast silhouette, premium materials, subtle bevels, luminous edge lighting, restrained reflections, elegant futuristic finish. Composition: one centered object only, large in frame, isolated on a dark transparent background, no container, no scene, no additional props, no decorative frame. Color direction: blue, teal, green, purple, golden yellow, yellow accents, pink, all hues of blue, and electric cyan glow accents. Rendering notes: object should feel dimensional and cool, but still simple enough to read inside a badge shell; emphasize iconic shape first, surface detail second.","no text, no letters, no numbers, no logo, no badge frame, no border, no background scene, no landscape, no room interior, no people, no hands, no character, no extra objects, no collage, no cropped object, no cut-off edges, no low detail, no blurry render, no watercolor, no sketch lines, no photobash clutter"
exploration,29,logic-analyzer,LA,Logic Analyzer,Logic Analyzer,ready,C:\Users\amyle\Documents\New project\static\badges\pyr\center-art\exploration\logic-analyzer.png,"Logic Analyzer. Subject: a compact logic analyzer device with ports and a small screen. Centered premium holographic sci-fi render, dark transparent background, crisp silhouette, badge-ready.","Create a premium center illustration for a game badge about Logic Analyzer. Primary subject: a compact logic analyzer device with ports and a small screen. Visual goal: one instantly readable hero object that clearly represents the named item at small size. Style: polished holographic sci-fi prop render, exploration achievement, survey prestige, advanced sci-fi discovery, collectible game achievement art, clean high-contrast silhouette, premium materials, subtle bevels, luminous edge lighting, restrained reflections, elegant futuristic finish. Composition: one centered object only, large in frame, isolated on a dark transparent background, no container, no scene, no additional props, no decorative frame. Color direction: blue, teal, green, purple, golden yellow, yellow accents, pink, all hues of blue, and electric cyan glow accents. Rendering notes: object should feel dimensional and cool, but still simple enough to read inside a badge shell; emphasize iconic shape first, surface detail second.","no text, no letters, no numbers, no logo, no badge frame, no border, no background scene, no landscape, no room interior, no people, no hands, no character, no extra objects, no collage, no cropped object, no cut-off edges, no low detail, no blurry render, no watercolor, no sketch lines, no photobash clutter"
exploration,30,digital-caliper,DC,Digital Caliper,Digital Caliper,ready,C:\Users\amyle\Documents\New project\static\badges\pyr\center-art\exploration\digital-caliper.png,"Digital Caliper. Subject: a single Digital Caliper. Centered premium holographic sci-fi render, dark transparent background, crisp silhouette, badge-ready.","Create a premium center illustration for a game badge about Digital Caliper. Primary subject: a single Digital Caliper. Visual goal: one instantly readable hero object that clearly represents the named item at small size. Style: polished holographic sci-fi prop render, exploration achievement, survey prestige, advanced sci-fi discovery, collectible game achievement art, clean high-contrast silhouette, premium materials, subtle bevels, luminous edge lighting, restrained reflections, elegant futuristic finish. Composition: one centered object only, large in frame, isolated on a dark transparent background, no container, no scene, no additional props, no decorative frame. Color direction: blue, teal, green, purple, golden yellow, yellow accents, pink, all hues of blue, and electric cyan glow accents. Rendering notes: object should feel dimensional and cool, but still simple enough to read inside a badge shell; emphasize iconic shape first, surface detail second.","no text, no letters, no numbers, no logo, no badge frame, no border, no background scene, no landscape, no room interior, no people, no hands, no character, no extra objects, no collage, no cropped object, no cut-off edges, no low detail, no blurry render, no watercolor, no sketch lines, no photobash clutter"
exploration,31,compound-microscope,CM,Compound Microscope,Compound Microscope,ready,C:\Users\amyle\Documents\New project\static\badges\pyr\center-art\exploration\compound-microscope.png,"Compound Microscope. Subject: a single Compound Microscope. Centered premium holographic sci-fi render, dark transparent background, crisp silhouette, badge-ready.","Create a premium center illustration for a game badge about Compound Microscope. Primary subject: a single Compound Microscope. Visual goal: one instantly readable hero object that clearly represents the named item at small size. Style: polished holographic sci-fi prop render, exploration achievement, survey prestige, advanced sci-fi discovery, collectible game achievement art, clean high-contrast silhouette, premium materials, subtle bevels, luminous edge lighting, restrained reflections, elegant futuristic finish. Composition: one centered object only, large in frame, isolated on a dark transparent background, no container, no scene, no additional props, no decorative frame. Color direction: blue, teal, green, purple, golden yellow, yellow accents, pink, all hues of blue, and electric cyan glow accents. Rendering notes: object should feel dimensional and cool, but still simple enough to read inside a badge shell; emphasize iconic shape first, surface detail second.","no text, no letters, no numbers, no logo, no badge frame, no border, no background scene, no landscape, no room interior, no people, no hands, no character, no extra objects, no collage, no cropped object, no cut-off edges, no low detail, no blurry render, no watercolor, no sketch lines, no photobash clutter"
exploration,32,electron-microscope,EM,Electron Microscope,Electron Microscope,ready,C:\Users\amyle\Documents\New project\static\badges\pyr\center-art\exploration\electron-microscope.png,"Electron Microscope. Subject: a single Electron Microscope. Centered premium holographic sci-fi render, dark transparent background, crisp silhouette, badge-ready.","Create a premium center illustration for a game badge about Electron Microscope. Primary subject: a single Electron Microscope. Visual goal: one instantly readable hero object that clearly represents the named item at small size. Style: polished holographic sci-fi prop render, exploration achievement, survey prestige, advanced sci-fi discovery, collectible game achievement art, clean high-contrast silhouette, premium materials, subtle bevels, luminous edge lighting, restrained reflections, elegant futuristic finish. Composition: one centered object only, large in frame, isolated on a dark transparent background, no container, no scene, no additional props, no decorative frame. Color direction: blue, teal, green, purple, golden yellow, yellow accents, pink, all hues of blue, and electric cyan glow accents. Rendering notes: object should feel dimensional and cool, but still simple enough to read inside a badge shell; emphasize iconic shape first, surface detail second.","no text, no letters, no numbers, no logo, no badge frame, no border, no background scene, no landscape, no room interior, no people, no hands, no character, no extra objects, no collage, no cropped object, no cut-off edges, no low detail, no blurry render, no watercolor, no sketch lines, no photobash clutter"
exploration,33,tomography,TOM,Tomography,Tomography,ready,C:\Users\amyle\Documents\New project\static\badges\pyr\center-art\exploration\tomography.png,"Tomography. Subject: a single Tomography. Centered premium holographic sci-fi render, dark transparent background, crisp silhouette, badge-ready.","Create a premium center illustration for a game badge about Tomography. Primary subject: a single Tomography. Visual goal: one instantly readable hero object that clearly represents the named item at small size. Style: polished holographic sci-fi prop render, exploration achievement, survey prestige, advanced sci-fi discovery, collectible game achievement art, clean high-contrast silhouette, premium materials, subtle bevels, luminous edge lighting, restrained reflections, elegant futuristic finish. Composition: one centered object only, large in frame, isolated on a dark transparent background, no container, no scene, no additional props, no decorative frame. Color direction: blue, teal, green, purple, golden yellow, yellow accents, pink, all hues of blue, and electric cyan glow accents. Rendering notes: object should feel dimensional and cool, but still simple enough to read inside a badge shell; emphasize iconic shape first, surface detail second.","no text, no letters, no numbers, no logo, no badge frame, no border, no background scene, no landscape, no room interior, no people, no hands, no character, no extra objects, no collage, no cropped object, no cut-off edges, no low detail, no blurry render, no watercolor, no sketch lines, no photobash clutter"
exploration,34,diamond-knife,DK,Diamond Knife,Diamond Knife,ready,C:\Users\amyle\Documents\New project\static\badges\pyr\center-art\exploration\diamond-knife.png,"Diamond Knife. Subject: a single Diamond Knife. Centered premium holographic sci-fi render, dark transparent background, crisp silhouette, badge-ready.","Create a premium center illustration for a game badge about Diamond Knife. Primary subject: a single Diamond Knife. Visual goal: one instantly readable hero object that clearly represents the named item at small size. Style: polished holographic sci-fi prop render, exploration achievement, survey prestige, advanced sci-fi discovery, collectible game achievement art, clean high-contrast silhouette, premium materials, subtle bevels, luminous edge lighting, restrained reflections, elegant futuristic finish. Composition: one centered object only, large in frame, isolated on a dark transparent background, no container, no scene, no additional props, no decorative frame. Color direction: blue, teal, green, purple, golden yellow, yellow accents, pink, all hues of blue, and electric cyan glow accents. Rendering notes: object should feel dimensional and cool, but still simple enough to read inside a badge shell; emphasize iconic shape first, surface detail second.","no text, no letters, no numbers, no logo, no badge frame, no border, no background scene, no landscape, no room interior, no people, no hands, no character, no extra objects, no collage, no cropped object, no cut-off edges, no low detail, no blurry render, no watercolor, no sketch lines, no photobash clutter"
exploration,35,pipette,PIP,Pipette,Pipette,ready,C:\Users\amyle\Documents\New project\static\badges\pyr\center-art\exploration\pipette.png,"Pipette. Subject: a single Pipette. Centered premium holographic sci-fi render, dark transparent background, crisp silhouette, badge-ready.","Create a premium center illustration for a game badge about Pipette. Primary subject: a single Pipette. Visual goal: one instantly readable hero object that clearly represents the named item at small size. Style: polished holographic sci-fi prop render, exploration achievement, survey prestige, advanced sci-fi discovery, collectible game achievement art, clean high-contrast silhouette, premium materials, subtle bevels, luminous edge lighting, restrained reflections, elegant futuristic finish. Composition: one centered object only, large in frame, isolated on a dark transparent background, no container, no scene, no additional props, no decorative frame. Color direction: blue, teal, green, purple, golden yellow, yellow accents, pink, all hues of blue, and electric cyan glow accents. Rendering notes: object should feel dimensional and cool, but still simple enough to read inside a badge shell; emphasize iconic shape first, surface detail second.","no text, no letters, no numbers, no logo, no badge frame, no border, no background scene, no landscape, no room interior, no people, no hands, no character, no extra objects, no collage, no cropped object, no cut-off edges, no low detail, no blurry render, no watercolor, no sketch lines, no photobash clutter"
exploration,36,test-tube,TT,Test Tube,Test Tube,ready,C:\Users\amyle\Documents\New project\static\badges\pyr\center-art\exploration\test-tube.png,"Test Tube. Subject: a single Test Tube. Centered premium holographic sci-fi render, dark transparent background, crisp silhouette, badge-ready.","Create a premium center illustration for a game badge about Test Tube. Primary subject: a single Test Tube. Visual goal: one instantly readable hero object that clearly represents the named item at small size. Style: polished holographic sci-fi prop render, exploration achievement, survey prestige, advanced sci-fi discovery, collectible game achievement art, clean high-contrast silhouette, premium materials, subtle bevels, luminous edge lighting, restrained reflections, elegant futuristic finish. Composition: one centered object only, large in frame, isolated on a dark transparent background, no container, no scene, no additional props, no decorative frame. Color direction: blue, teal, green, purple, golden yellow, yellow accents, pink, all hues of blue, and electric cyan glow accents. Rendering notes: object should feel dimensional and cool, but still simple enough to read inside a badge shell; emphasize iconic shape first, surface detail second.","no text, no letters, no numbers, no logo, no badge frame, no border, no background scene, no landscape, no room interior, no people, no hands, no character, no extra objects, no collage, no cropped object, no cut-off edges, no low detail, no blurry render, no watercolor, no sketch lines, no photobash clutter"
exploration,37,petri-dish,PD,Petri Dish,Petri Dish,ready,C:\Users\amyle\Documents\New project\static\badges\pyr\center-art\exploration\petri-dish.png,"Petri Dish. Subject: a single Petri Dish. Centered premium holographic sci-fi render, dark transparent background, crisp silhouette, badge-ready.","Create a premium center illustration for a game badge about Petri Dish. Primary subject: a single Petri Dish. Visual goal: one instantly readable hero object that clearly represents the named item at small size. Style: polished holographic sci-fi prop render, exploration achievement, survey prestige, advanced sci-fi discovery, collectible game achievement art, clean high-contrast silhouette, premium materials, subtle bevels, luminous edge lighting, restrained reflections, elegant futuristic finish. Composition: one centered object only, large in frame, isolated on a dark transparent background, no container, no scene, no additional props, no decorative frame. Color direction: blue, teal, green, purple, golden yellow, yellow accents, pink, all hues of blue, and electric cyan glow accents. Rendering notes: object should feel dimensional and cool, but still simple enough to read inside a badge shell; emphasize iconic shape first, surface detail second.","no text, no letters, no numbers, no logo, no badge frame, no border, no background scene, no landscape, no room interior, no people, no hands, no character, no extra objects, no collage, no cropped object, no cut-off edges, no low detail, no blurry render, no watercolor, no sketch lines, no photobash clutter"
exploration,38,centrifuge,CEN,Centrifuge,Centrifuge,ready,C:\Users\amyle\Documents\New project\static\badges\pyr\center-art\exploration\centrifuge.png,"Centrifuge. Subject: a single Centrifuge. Centered premium holographic sci-fi render, dark transparent background, crisp silhouette, badge-ready.","Create a premium center illustration for a game badge about Centrifuge. Primary subject: a single Centrifuge. Visual goal: one instantly readable hero object that clearly represents the named item at small size. Style: polished holographic sci-fi prop render, exploration achievement, survey prestige, advanced sci-fi discovery, collectible game achievement art, clean high-contrast silhouette, premium materials, subtle bevels, luminous edge lighting, restrained reflections, elegant futuristic finish. Composition: one centered object only, large in frame, isolated on a dark transparent background, no container, no scene, no additional props, no decorative frame. Color direction: blue, teal, green, purple, golden yellow, yellow accents, pink, all hues of blue, and electric cyan glow accents. Rendering notes: object should feel dimensional and cool, but still simple enough to read inside a badge shell; emphasize iconic shape first, surface detail second.","no text, no letters, no numbers, no logo, no badge frame, no border, no background scene, no landscape, no room interior, no people, no hands, no character, no extra objects, no collage, no cropped object, no cut-off edges, no low detail, no blurry render, no watercolor, no sketch lines, no photobash clutter"
exploration,39,spectrometer,SPE,Spectrometer,Spectrometer,ready,C:\Users\amyle\Documents\New project\static\badges\pyr\center-art\exploration\spectrometer.png,"Spectrometer. Subject: a single Spectrometer. Centered premium holographic sci-fi render, dark transparent background, crisp silhouette, badge-ready.","Create a premium center illustration for a game badge about Spectrometer. Primary subject: a single Spectrometer. Visual goal: one instantly readable hero object that clearly represents the named item at small size. Style: polished holographic sci-fi prop render, exploration achievement, survey prestige, advanced sci-fi discovery, collectible game achievement art, clean high-contrast silhouette, premium materials, subtle bevels, luminous edge lighting, restrained reflections, elegant futuristic finish. Composition: one centered object only, large in frame, isolated on a dark transparent background, no container, no scene, no additional props, no decorative frame. Color direction: blue, teal, green, purple, golden yellow, yellow accents, pink, all hues of blue, and electric cyan glow accents. Rendering notes: object should feel dimensional and cool, but still simple enough to read inside a badge shell; emphasize iconic shape first, surface detail second.","no text, no letters, no numbers, no logo, no badge frame, no border, no background scene, no landscape, no room interior, no people, no hands, no character, no extra objects, no collage, no cropped object, no cut-off edges, no low detail, no blurry render, no watercolor, no sketch lines, no photobash clutter"
exploration,40,chromatograph,CHR,Chromatograph,Chromatograph,ready,C:\Users\amyle\Documents\New project\static\badges\pyr\center-art\exploration\chromatograph.png,"Chromatograph. Subject: a single Chromatograph. Centered premium holographic sci-fi render, dark transparent background, crisp silhouette, badge-ready.","Create a premium center illustration for a game badge about Chromatograph. Primary subject: a single Chromatograph. Visual goal: one instantly readable hero object that clearly represents the named item at small size. Style: polished holographic sci-fi prop render, exploration achievement, survey prestige, advanced sci-fi discovery, collectible game achievement art, clean high-contrast silhouette, premium materials, subtle bevels, luminous edge lighting, restrained reflections, elegant futuristic finish. Composition: one centered object only, large in frame, isolated on a dark transparent background, no container, no scene, no additional props, no decorative frame. Color direction: blue, teal, green, purple, golden yellow, yellow accents, pink, all hues of blue, and electric cyan glow accents. Rendering notes: object should feel dimensional and cool, but still simple enough to read inside a badge shell; emphasize iconic shape first, surface detail second.","no text, no letters, no numbers, no logo, no badge frame, no border, no background scene, no landscape, no room interior, no people, no hands, no character, no extra objects, no collage, no cropped object, no cut-off edges, no low detail, no blurry render, no watercolor, no sketch lines, no photobash clutter"
exploration,41,seismograph,SEI,Seismograph,Seismograph,ready,C:\Users\amyle\Documents\New project\static\badges\pyr\center-art\exploration\seismograph.png,"Seismograph. Subject: a single Seismograph. Centered premium holographic sci-fi render, dark transparent background, crisp silhouette, badge-ready.","Create a premium center illustration for a game badge about Seismograph. Primary subject: a single Seismograph. Visual goal: one instantly readable hero object that clearly represents the named item at small size. Style: polished holographic sci-fi prop render, exploration achievement, survey prestige, advanced sci-fi discovery, collectible game achievement art, clean high-contrast silhouette, premium materials, subtle bevels, luminous edge lighting, restrained reflections, elegant futuristic finish. Composition: one centered object only, large in frame, isolated on a dark transparent background, no container, no scene, no additional props, no decorative frame. Color direction: blue, teal, green, purple, golden yellow, yellow accents, pink, all hues of blue, and electric cyan glow accents. Rendering notes: object should feel dimensional and cool, but still simple enough to read inside a badge shell; emphasize iconic shape first, surface detail second.","no text, no letters, no numbers, no logo, no badge frame, no border, no background scene, no landscape, no room interior, no people, no hands, no character, no extra objects, no collage, no cropped object, no cut-off edges, no low detail, no blurry render, no watercolor, no sketch lines, no photobash clutter"
exploration,42,geiger-counter,GC,Geiger Counter,Geiger Counter,ready,C:\Users\amyle\Documents\New project\static\badges\pyr\center-art\exploration\geiger-counter.png,"Geiger Counter. Subject: a single Geiger Counter. Centered premium holographic sci-fi render, dark transparent background, crisp silhouette, badge-ready.","Create a premium center illustration for a game badge about Geiger Counter. Primary subject: a single Geiger Counter. Visual goal: one instantly readable hero object that clearly represents the named item at small size. Style: polished holographic sci-fi prop render, exploration achievement, survey prestige, advanced sci-fi discovery, collectible game achievement art, clean high-contrast silhouette, premium materials, subtle bevels, luminous edge lighting, restrained reflections, elegant futuristic finish. Composition: one centered object only, large in frame, isolated on a dark transparent background, no container, no scene, no additional props, no decorative frame. Color direction: blue, teal, green, purple, golden yellow, yellow accents, pink, all hues of blue, and electric cyan glow accents. Rendering notes: object should feel dimensional and cool, but still simple enough to read inside a badge shell; emphasize iconic shape first, surface detail second.","no text, no letters, no numbers, no logo, no badge frame, no border, no background scene, no landscape, no room interior, no people, no hands, no character, no extra objects, no collage, no cropped object, no cut-off edges, no low detail, no blurry render, no watercolor, no sketch lines, no photobash clutter"
exploration,43,magnetometer,MAG,Magnetometer,Magnetometer,ready,C:\Users\amyle\Documents\New project\static\badges\pyr\center-art\exploration\magnetometer.png,"Magnetometer. Subject: a single Magnetometer. Centered premium holographic sci-fi render, dark transparent background, crisp silhouette, badge-ready.","Create a premium center illustration for a game badge about Magnetometer. Primary subject: a single Magnetometer. Visual goal: one instantly readable hero object that clearly represents the named item at small size. Style: polished holographic sci-fi prop render, exploration achievement, survey prestige, advanced sci-fi discovery, collectible game achievement art, clean high-contrast silhouette, premium materials, subtle bevels, luminous edge lighting, restrained reflections, elegant futuristic finish. Composition: one centered object only, large in frame, isolated on a dark transparent background, no container, no scene, no additional props, no decorative frame. Color direction: blue, teal, green, purple, golden yellow, yellow accents, pink, all hues of blue, and electric cyan glow accents. Rendering notes: object should feel dimensional and cool, but still simple enough to read inside a badge shell; emphasize iconic shape first, surface detail second.","no text, no letters, no numbers, no logo, no badge frame, no border, no background scene, no landscape, no room interior, no people, no hands, no character, no extra objects, no collage, no cropped object, no cut-off edges, no low detail, no blurry render, no watercolor, no sketch lines, no photobash clutter"
exploration,44,gravimeter,GRA,Gravimeter,Gravimeter,ready,C:\Users\amyle\Documents\New project\static\badges\pyr\center-art\exploration\gravimeter.png,"Gravimeter. Subject: a single Gravimeter. Centered premium holographic sci-fi render, dark transparent background, crisp silhouette, badge-ready.","Create a premium center illustration for a game badge about Gravimeter. Primary subject: a single Gravimeter. Visual goal: one instantly readable hero object that clearly represents the named item at small size. Style: polished holographic sci-fi prop render, exploration achievement, survey prestige, advanced sci-fi discovery, collectible game achievement art, clean high-contrast silhouette, premium materials, subtle bevels, luminous edge lighting, restrained reflections, elegant futuristic finish. Composition: one centered object only, large in frame, isolated on a dark transparent background, no container, no scene, no additional props, no decorative frame. Color direction: blue, teal, green, purple, golden yellow, yellow accents, pink, all hues of blue, and electric cyan glow accents. Rendering notes: object should feel dimensional and cool, but still simple enough to read inside a badge shell; emphasize iconic shape first, surface detail second.","no text, no letters, no numbers, no logo, no badge frame, no border, no background scene, no landscape, no room interior, no people, no hands, no character, no extra objects, no collage, no cropped object, no cut-off edges, no low detail, no blurry render, no watercolor, no sketch lines, no photobash clutter"
exploration,45,lidar,LID,LiDAR,LiDAR,ready,C:\Users\amyle\Documents\New project\static\badges\pyr\center-art\exploration\lidar.png,"LiDAR. Subject: a LiDAR sensor module with a rotating optical head. Centered premium holographic sci-fi render, dark transparent background, crisp silhouette, badge-ready.","Create a premium center illustration for a game badge about LiDAR. Primary subject: a LiDAR sensor module with a rotating optical head. Visual goal: one instantly readable hero object that clearly represents the named item at small size. Style: polished holographic sci-fi prop render, exploration achievement, survey prestige, advanced sci-fi discovery, collectible game achievement art, clean high-contrast silhouette, premium materials, subtle bevels, luminous edge lighting, restrained reflections, elegant futuristic finish. Composition: one centered object only, large in frame, isolated on a dark transparent background, no container, no scene, no additional props, no decorative frame. Color direction: blue, teal, green, purple, golden yellow, yellow accents, pink, all hues of blue, and electric cyan glow accents. Rendering notes: object should feel dimensional and cool, but still simple enough to read inside a badge shell; emphasize iconic shape first, surface detail second.","no text, no letters, no numbers, no logo, no badge frame, no border, no background scene, no landscape, no room interior, no people, no hands, no character, no extra objects, no collage, no cropped object, no cut-off edges, no low detail, no blurry render, no watercolor, no sketch lines, no photobash clutter"
exploration,46,ultrasonic-sensor,US,Ultrasonic Sensor,Ultrasonic Sensor,ready,C:\Users\amyle\Documents\New project\static\badges\pyr\center-art\exploration\ultrasonic-sensor.png,"Ultrasonic Sensor. Subject: a single Ultrasonic Sensor. Centered premium holographic sci-fi render, dark transparent background, crisp silhouette, badge-ready.","Create a premium center illustration for a game badge about Ultrasonic Sensor. Primary subject: a single Ultrasonic Sensor. Visual goal: one instantly readable hero object that clearly represents the named item at small size. Style: polished holographic sci-fi prop render, exploration achievement, survey prestige, advanced sci-fi discovery, collectible game achievement art, clean high-contrast silhouette, premium materials, subtle bevels, luminous edge lighting, restrained reflections, elegant futuristic finish. Composition: one centered object only, large in frame, isolated on a dark transparent background, no container, no scene, no additional props, no decorative frame. Color direction: blue, teal, green, purple, golden yellow, yellow accents, pink, all hues of blue, and electric cyan glow accents. Rendering notes: object should feel dimensional and cool, but still simple enough to read inside a badge shell; emphasize iconic shape first, surface detail second.","no text, no letters, no numbers, no logo, no badge frame, no border, no background scene, no landscape, no room interior, no people, no hands, no character, no extra objects, no collage, no cropped object, no cut-off edges, no low detail, no blurry render, no watercolor, no sketch lines, no photobash clutter"
exploration,47,infrared-sensor,IS,Infrared Sensor,Infrared Sensor,ready,C:\Users\amyle\Documents\New project\static\badges\pyr\center-art\exploration\infrared-sensor.png,"Infrared Sensor. Subject: a single Infrared Sensor. Centered premium holographic sci-fi render, dark transparent background, crisp silhouette, badge-ready.","Create a premium center illustration for a game badge about Infrared Sensor. Primary subject: a single Infrared Sensor. Visual goal: one instantly readable hero object that clearly represents the named item at small size. Style: polished holographic sci-fi prop render, exploration achievement, survey prestige, advanced sci-fi discovery, collectible game achievement art, clean high-contrast silhouette, premium materials, subtle bevels, luminous edge lighting, restrained reflections, elegant futuristic finish. Composition: one centered object only, large in frame, isolated on a dark transparent background, no container, no scene, no additional props, no decorative frame. Color direction: blue, teal, green, purple, golden yellow, yellow accents, pink, all hues of blue, and electric cyan glow accents. Rendering notes: object should feel dimensional and cool, but still simple enough to read inside a badge shell; emphasize iconic shape first, surface detail second.","no text, no letters, no numbers, no logo, no badge frame, no border, no background scene, no landscape, no room interior, no people, no hands, no character, no extra objects, no collage, no cropped object, no cut-off edges, no low detail, no blurry render, no watercolor, no sketch lines, no photobash clutter"
exploration,48,touch-sensor,TS,Touch Sensor,Touch Sensor,ready,C:\Users\amyle\Documents\New project\static\badges\pyr\center-art\exploration\touch-sensor.png,"Touch Sensor. Subject: a single Touch Sensor. Centered premium holographic sci-fi render, dark transparent background, crisp silhouette, badge-ready.","Create a premium center illustration for a game badge about Touch Sensor. Primary subject: a single Touch Sensor. Visual goal: one instantly readable hero object that clearly represents the named item at small size. Style: polished holographic sci-fi prop render, exploration achievement, survey prestige, advanced sci-fi discovery, collectible game achievement art, clean high-contrast silhouette, premium materials, subtle bevels, luminous edge lighting, restrained reflections, elegant futuristic finish. Composition: one centered object only, large in frame, isolated on a dark transparent background, no container, no scene, no additional props, no decorative frame. Color direction: blue, teal, green, purple, golden yellow, yellow accents, pink, all hues of blue, and electric cyan glow accents. Rendering notes: object should feel dimensional and cool, but still simple enough to read inside a badge shell; emphasize iconic shape first, surface detail second.","no text, no letters, no numbers, no logo, no badge frame, no border, no background scene, no landscape, no room interior, no people, no hands, no character, no extra objects, no collage, no cropped object, no cut-off edges, no low detail, no blurry render, no watercolor, no sketch lines, no photobash clutter"
exploration,49,camera-module,CM,Camera Module,Camera Module,ready,C:\Users\amyle\Documents\New project\static\badges\pyr\center-art\exploration\camera-module.png,"Camera Module. Subject: a single Camera Module. Centered premium holographic sci-fi render, dark transparent background, crisp silhouette, badge-ready.","Create a premium center illustration for a game badge about Camera Module. Primary subject: a single Camera Module. Visual goal: one instantly readable hero object that clearly represents the named item at small size. Style: polished holographic sci-fi prop render, exploration achievement, survey prestige, advanced sci-fi discovery, collectible game achievement art, clean high-contrast silhouette, premium materials, subtle bevels, luminous edge lighting, restrained reflections, elegant futuristic finish. Composition: one centered object only, large in frame, isolated on a dark transparent background, no container, no scene, no additional props, no decorative frame. Color direction: blue, teal, green, purple, golden yellow, yellow accents, pink, all hues of blue, and electric cyan glow accents. Rendering notes: object should feel dimensional and cool, but still simple enough to read inside a badge shell; emphasize iconic shape first, surface detail second.","no text, no letters, no numbers, no logo, no badge frame, no border, no background scene, no landscape, no room interior, no people, no hands, no character, no extra objects, no collage, no cropped object, no cut-off edges, no low detail, no blurry render, no watercolor, no sketch lines, no photobash clutter"
exploration,50,thermal-camera,TC,Thermal Camera,Thermal Camera,ready,C:\Users\amyle\Documents\New project\static\badges\pyr\center-art\exploration\thermal-camera.png,"Thermal Camera. Subject: a single Thermal Camera. Centered premium holographic sci-fi render, dark transparent background, crisp silhouette, badge-ready.","Create a premium center illustration for a game badge about Thermal Camera. Primary subject: a single Thermal Camera. Visual goal: one instantly readable hero object that clearly represents the named item at small size. Style: polished holographic sci-fi prop render, exploration achievement, survey prestige, advanced sci-fi discovery, collectible game achievement art, clean high-contrast silhouette, premium materials, subtle bevels, luminous edge lighting, restrained reflections, elegant futuristic finish. Composition: one centered object only, large in frame, isolated on a dark transparent background, no container, no scene, no additional props, no decorative frame. Color direction: blue, teal, green, purple, golden yellow, yellow accents, pink, all hues of blue, and electric cyan glow accents. Rendering notes: object should feel dimensional and cool, but still simple enough to read inside a badge shell; emphasize iconic shape first, surface detail second.","no text, no letters, no numbers, no logo, no badge frame, no border, no background scene, no landscape, no room interior, no people, no hands, no character, no extra objects, no collage, no cropped object, no cut-off edges, no low detail, no blurry render, no watercolor, no sketch lines, no photobash clutter"
exploration,51,hyperspectral-camera,HC,Hyperspectral Camera,Hyperspectral Camera,ready,C:\Users\amyle\Documents\New project\static\badges\pyr\center-art\exploration\hyperspectral-camera.png,"Hyperspectral Camera. Subject: a single Hyperspectral Camera. Centered premium holographic sci-fi render, dark transparent background, crisp silhouette, badge-ready.","Create a premium center illustration for a game badge about Hyperspectral Camera. Primary subject: a single Hyperspectral Camera. Visual goal: one instantly readable hero object that clearly represents the named item at small size. Style: polished holographic sci-fi prop render, exploration achievement, survey prestige, advanced sci-fi discovery, collectible game achievement art, clean high-contrast silhouette, premium materials, subtle bevels, luminous edge lighting, restrained reflections, elegant futuristic finish. Composition: one centered object only, large in frame, isolated on a dark transparent background, no container, no scene, no additional props, no decorative frame. Color direction: blue, teal, green, purple, golden yellow, yellow accents, pink, all hues of blue, and electric cyan glow accents. Rendering notes: object should feel dimensional and cool, but still simple enough to read inside a badge shell; emphasize iconic shape first, surface detail second.","no text, no letters, no numbers, no logo, no badge frame, no border, no background scene, no landscape, no room interior, no people, no hands, no character, no extra objects, no collage, no cropped object, no cut-off edges, no low detail, no blurry render, no watercolor, no sketch lines, no photobash clutter"
exploration,52,wi-fi-module,WFM,Wi-Fi Module,Wi-Fi Module,ready,C:\Users\amyle\Documents\New project\static\badges\pyr\center-art\exploration\wi-fi-module.png,"Wi-Fi Module. Subject: a single Wi-Fi Module. Centered premium holographic sci-fi render, dark transparent background, crisp silhouette, badge-ready.","Create a premium center illustration for a game badge about Wi-Fi Module. Primary subject: a single Wi-Fi Module. Visual goal: one instantly readable hero object that clearly represents the named item at small size. Style: polished holographic sci-fi prop render, exploration achievement, survey prestige, advanced sci-fi discovery, collectible game achievement art, clean high-contrast silhouette, premium materials, subtle bevels, luminous edge lighting, restrained reflections, elegant futuristic finish. Composition: one centered object only, large in frame, isolated on a dark transparent background, no container, no scene, no additional props, no decorative frame. Color direction: blue, teal, green, purple, golden yellow, yellow accents, pink, all hues of blue, and electric cyan glow accents. Rendering notes: object should feel dimensional and cool, but still simple enough to read inside a badge shell; emphasize iconic shape first, surface detail second.","no text, no letters, no numbers, no logo, no badge frame, no border, no background scene, no landscape, no room interior, no people, no hands, no character, no extra objects, no collage, no cropped object, no cut-off edges, no low detail, no blurry render, no watercolor, no sketch lines, no photobash clutter"
exploration,53,gps-receiver,GR,GPS Receiver,GPS Receiver,ready,C:\Users\amyle\Documents\New project\static\badges\pyr\center-art\exploration\gps-receiver.png,"GPS Receiver. Subject: a single GPS Receiver. Centered premium holographic sci-fi render, dark transparent background, crisp silhouette, badge-ready.","Create a premium center illustration for a game badge about GPS Receiver. Primary subject: a single GPS Receiver. Visual goal: one instantly readable hero object that clearly represents the named item at small size. Style: polished holographic sci-fi prop render, exploration achievement, survey prestige, advanced sci-fi discovery, collectible game achievement art, clean high-contrast silhouette, premium materials, subtle bevels, luminous edge lighting, restrained reflections, elegant futuristic finish. Composition: one centered object only, large in frame, isolated on a dark transparent background, no container, no scene, no additional props, no decorative frame. Color direction: blue, teal, green, purple, golden yellow, yellow accents, pink, all hues of blue, and electric cyan glow accents. Rendering notes: object should feel dimensional and cool, but still simple enough to read inside a badge shell; emphasize iconic shape first, surface detail second.","no text, no letters, no numbers, no logo, no badge frame, no border, no background scene, no landscape, no room interior, no people, no hands, no character, no extra objects, no collage, no cropped object, no cut-off edges, no low detail, no blurry render, no watercolor, no sketch lines, no photobash clutter"
exploration,54,ros,ROS,ROS,ROS,ready,C:\Users\amyle\Documents\New project\static\badges\pyr\center-art\exploration\ros.png,"ROS. Subject: a robotics control hub representing the Robot Operating System: a central processor module with clean branching data links to sensor and motor nodes. Centered premium holographic sci-fi render, dark transparent background, crisp silhouette, badge-ready.","Create a premium center illustration for a game badge about ROS. Primary subject: a robotics control hub representing the Robot Operating System: a central processor module with clean branching data links to sensor and motor nodes. Visual goal: one instantly readable hero object that clearly represents the named item at small size. Style: polished holographic sci-fi prop render, exploration achievement, survey prestige, advanced sci-fi discovery, collectible game achievement art, clean high-contrast silhouette, premium materials, subtle bevels, luminous edge lighting, restrained reflections, elegant futuristic finish. Composition: one centered object only, large in frame, isolated on a dark transparent background, no container, no scene, no additional props, no decorative frame. Color direction: blue, teal, green, purple, golden yellow, yellow accents, pink, all hues of blue, and electric cyan glow accents. Rendering notes: object should feel dimensional and cool, but still simple enough to read inside a badge shell; emphasize iconic shape first, surface detail second.","no text, no letters, no numbers, no logo, no badge frame, no border, no background scene, no landscape, no room interior, no people, no hands, no character, no extra objects, no collage, no cropped object, no cut-off edges, no low detail, no blurry render, no watercolor, no sketch lines, no photobash clutter"
exploration,55,quadruped-robot,QR,Quadruped Robot,Quadruped Robot,ready,C:\Users\amyle\Documents\New project\static\badges\pyr\center-art\exploration\quadruped-robot.png,"Quadruped Robot. Subject: a single Quadruped Robot. Centered premium holographic sci-fi render, dark transparent background, crisp silhouette, badge-ready.","Create a premium center illustration for a game badge about Quadruped Robot. Primary subject: a single Quadruped Robot. Visual goal: one instantly readable hero object that clearly represents the named item at small size. Style: polished holographic sci-fi prop render, exploration achievement, survey prestige, advanced sci-fi discovery, collectible game achievement art, clean high-contrast silhouette, premium materials, subtle bevels, luminous edge lighting, restrained reflections, elegant futuristic finish. Composition: one centered object only, large in frame, isolated on a dark transparent background, no container, no scene, no additional props, no decorative frame. Color direction: blue, teal, green, purple, golden yellow, yellow accents, pink, all hues of blue, and electric cyan glow accents. Rendering notes: object should feel dimensional and cool, but still simple enough to read inside a badge shell; emphasize iconic shape first, surface detail second.","no text, no letters, no numbers, no logo, no badge frame, no border, no background scene, no landscape, no room interior, no people, no hands, no character, no extra objects, no collage, no cropped object, no cut-off edges, no low detail, no blurry render, no watercolor, no sketch lines, no photobash clutter"
exploration,56,drone,DRO,Drone,Drone,ready,C:\Users\amyle\Documents\New project\static\badges\pyr\center-art\exploration\drone.png,"Drone. Subject: a single Drone. Centered premium holographic sci-fi render, dark transparent background, crisp silhouette, badge-ready.","Create a premium center illustration for a game badge about Drone. Primary subject: a single Drone. Visual goal: one instantly readable hero object that clearly represents the named item at small size. Style: polished holographic sci-fi prop render, exploration achievement, survey prestige, advanced sci-fi discovery, collectible game achievement art, clean high-contrast silhouette, premium materials, subtle bevels, luminous edge lighting, restrained reflections, elegant futuristic finish. Composition: one centered object only, large in frame, isolated on a dark transparent background, no container, no scene, no additional props, no decorative frame. Color direction: blue, teal, green, purple, golden yellow, yellow accents, pink, all hues of blue, and electric cyan glow accents. Rendering notes: object should feel dimensional and cool, but still simple enough to read inside a badge shell; emphasize iconic shape first, surface detail second.","no text, no letters, no numbers, no logo, no badge frame, no border, no background scene, no landscape, no room interior, no people, no hands, no character, no extra objects, no collage, no cropped object, no cut-off edges, no low detail, no blurry render, no watercolor, no sketch lines, no photobash clutter"
exploration,57,rover,ROV,Rover,Rover,ready,C:\Users\amyle\Documents\New project\static\badges\pyr\center-art\exploration\rover.png,"Rover. Subject: a single Rover. Centered premium holographic sci-fi render, dark transparent background, crisp silhouette, badge-ready.","Create a premium center illustration for a game badge about Rover. Primary subject: a single Rover. Visual goal: one instantly readable hero object that clearly represents the named item at small size. Style: polished holographic sci-fi prop render, exploration achievement, survey prestige, advanced sci-fi discovery, collectible game achievement art, clean high-contrast silhouette, premium materials, subtle bevels, luminous edge lighting, restrained reflections, elegant futuristic finish. Composition: one centered object only, large in frame, isolated on a dark transparent background, no container, no scene, no additional props, no decorative frame. Color direction: blue, teal, green, purple, golden yellow, yellow accents, pink, all hues of blue, and electric cyan glow accents. Rendering notes: object should feel dimensional and cool, but still simple enough to read inside a badge shell; emphasize iconic shape first, surface detail second.","no text, no letters, no numbers, no logo, no badge frame, no border, no background scene, no landscape, no room interior, no people, no hands, no character, no extra objects, no collage, no cropped object, no cut-off edges, no low detail, no blurry render, no watercolor, no sketch lines, no photobash clutter"
exploration,58,autonomous-underwater-vehicle-auv,AUV,Autonomous Underwater Vehicle (AUV),Autonomous Underwater Vehicle (AUV),ready,C:\Users\amyle\Documents\New project\static\badges\pyr\center-art\exploration\autonomous-underwater-vehicle-auv.png,"Autonomous Underwater Vehicle (AUV). Subject: a single Autonomous Underwater Vehicle (AUV). Centered premium holographic sci-fi render, dark transparent background, crisp silhouette, badge-ready.","Create a premium center illustration for a game badge about Autonomous Underwater Vehicle (AUV). Primary subject: a single Autonomous Underwater Vehicle (AUV). Visual goal: one instantly readable hero object that clearly represents the named item at small size. Style: polished holographic sci-fi prop render, exploration achievement, survey prestige, advanced sci-fi discovery, collectible game achievement art, clean high-contrast silhouette, premium materials, subtle bevels, luminous edge lighting, restrained reflections, elegant futuristic finish. Composition: one centered object only, large in frame, isolated on a dark transparent background, no container, no scene, no additional props, no decorative frame. Color direction: blue, teal, green, purple, golden yellow, yellow accents, pink, all hues of blue, and electric cyan glow accents. Rendering notes: object should feel dimensional and cool, but still simple enough to read inside a badge shell; emphasize iconic shape first, surface detail second.","no text, no letters, no numbers, no logo, no badge frame, no border, no background scene, no landscape, no room interior, no people, no hands, no character, no extra objects, no collage, no cropped object, no cut-off edges, no low detail, no blurry render, no watercolor, no sketch lines, no photobash clutter"
exploration,59,hydrophone,HYD,Hydrophone,Hydrophone,ready,C:\Users\amyle\Documents\New project\static\badges\pyr\center-art\exploration\hydrophone.png,"Hydrophone. Subject: a single Hydrophone. Centered premium holographic sci-fi render, dark transparent background, crisp silhouette, badge-ready.","Create a premium center illustration for a game badge about Hydrophone. Primary subject: a single Hydrophone. Visual goal: one instantly readable hero object that clearly represents the named item at small size. Style: polished holographic sci-fi prop render, exploration achievement, survey prestige, advanced sci-fi discovery, collectible game achievement art, clean high-contrast silhouette, premium materials, subtle bevels, luminous edge lighting, restrained reflections, elegant futuristic finish. Composition: one centered object only, large in frame, isolated on a dark transparent background, no container, no scene, no additional props, no decorative frame. Color direction: blue, teal, green, purple, golden yellow, yellow accents, pink, all hues of blue, and electric cyan glow accents. Rendering notes: object should feel dimensional and cool, but still simple enough to read inside a badge shell; emphasize iconic shape first, surface detail second.","no text, no letters, no numbers, no logo, no badge frame, no border, no background scene, no landscape, no room interior, no people, no hands, no character, no extra objects, no collage, no cropped object, no cut-off edges, no low detail, no blurry render, no watercolor, no sketch lines, no photobash clutter"
exploration,60,sonar-array,SA,Sonar Array,Sonar Array,ready,C:\Users\amyle\Documents\New project\static\badges\pyr\center-art\exploration\sonar-array.png,"Sonar Array. Subject: a single Sonar Array. Centered premium holographic sci-fi render, dark transparent background, crisp silhouette, badge-ready.","Create a premium center illustration for a game badge about Sonar Array. Primary subject: a single Sonar Array. Visual goal: one instantly readable hero object that clearly represents the named item at small size. Style: polished holographic sci-fi prop render, exploration achievement, survey prestige, advanced sci-fi discovery, collectible game achievement art, clean high-contrast silhouette, premium materials, subtle bevels, luminous edge lighting, restrained reflections, elegant futuristic finish. Composition: one centered object only, large in frame, isolated on a dark transparent background, no container, no scene, no additional props, no decorative frame. Color direction: blue, teal, green, purple, golden yellow, yellow accents, pink, all hues of blue, and electric cyan glow accents. Rendering notes: object should feel dimensional and cool, but still simple enough to read inside a badge shell; emphasize iconic shape first, surface detail second.","no text, no letters, no numbers, no logo, no badge frame, no border, no background scene, no landscape, no room interior, no people, no hands, no character, no extra objects, no collage, no cropped object, no cut-off edges, no low detail, no blurry render, no watercolor, no sketch lines, no photobash clutter"
exploration,61,radar-dish,RD,Radar Dish,Radar Dish,ready,C:\Users\amyle\Documents\New project\static\badges\pyr\center-art\exploration\radar-dish.png,"Radar Dish. Subject: a single Radar Dish. Centered premium holographic sci-fi render, dark transparent background, crisp silhouette, badge-ready.","Create a premium center illustration for a game badge about Radar Dish. Primary subject: a single Radar Dish. Visual goal: one instantly readable hero object that clearly represents the named item at small size. Style: polished holographic sci-fi prop render, exploration achievement, survey prestige, advanced sci-fi discovery, collectible game achievement art, clean high-contrast silhouette, premium materials, subtle bevels, luminous edge lighting, restrained reflections, elegant futuristic finish. Composition: one centered object only, large in frame, isolated on a dark transparent background, no container, no scene, no additional props, no decorative frame. Color direction: blue, teal, green, purple, golden yellow, yellow accents, pink, all hues of blue, and electric cyan glow accents. Rendering notes: object should feel dimensional and cool, but still simple enough to read inside a badge shell; emphasize iconic shape first, surface detail second.","no text, no letters, no numbers, no logo, no badge frame, no border, no background scene, no landscape, no room interior, no people, no hands, no character, no extra objects, no collage, no cropped object, no cut-off edges, no low detail, no blurry render, no watercolor, no sketch lines, no photobash clutter"
exploration,62,weather-balloon,WB,Weather Balloon,Weather Balloon,ready,C:\Users\amyle\Documents\New project\static\badges\pyr\center-art\exploration\weather-balloon.png,"Weather Balloon. Subject: a single Weather Balloon. Centered premium holographic sci-fi render, dark transparent background, crisp silhouette, badge-ready.","Create a premium center illustration for a game badge about Weather Balloon. Primary subject: a single Weather Balloon. Visual goal: one instantly readable hero object that clearly represents the named item at small size. Style: polished holographic sci-fi prop render, exploration achievement, survey prestige, advanced sci-fi discovery, collectible game achievement art, clean high-contrast silhouette, premium materials, subtle bevels, luminous edge lighting, restrained reflections, elegant futuristic finish. Composition: one centered object only, large in frame, isolated on a dark transparent background, no container, no scene, no additional props, no decorative frame. Color direction: blue, teal, green, purple, golden yellow, yellow accents, pink, all hues of blue, and electric cyan glow accents. Rendering notes: object should feel dimensional and cool, but still simple enough to read inside a badge shell; emphasize iconic shape first, surface detail second.","no text, no letters, no numbers, no logo, no badge frame, no border, no background scene, no landscape, no room interior, no people, no hands, no character, no extra objects, no collage, no cropped object, no cut-off edges, no low detail, no blurry render, no watercolor, no sketch lines, no photobash clutter"
exploration,63,satellite,SAT,Satellite,Satellite,ready,C:\Users\amyle\Documents\New project\static\badges\pyr\center-art\exploration\satellite.png,"Satellite. Subject: a single Satellite. Centered premium holographic sci-fi render, dark transparent background, crisp silhouette, badge-ready.","Create a premium center illustration for a game badge about Satellite. Primary subject: a single Satellite. Visual goal: one instantly readable hero object that clearly represents the named item at small size. Style: polished holographic sci-fi prop render, exploration achievement, survey prestige, advanced sci-fi discovery, collectible game achievement art, clean high-contrast silhouette, premium materials, subtle bevels, luminous edge lighting, restrained reflections, elegant futuristic finish. Composition: one centered object only, large in frame, isolated on a dark transparent background, no container, no scene, no additional props, no decorative frame. Color direction: blue, teal, green, purple, golden yellow, yellow accents, pink, all hues of blue, and electric cyan glow accents. Rendering notes: object should feel dimensional and cool, but still simple enough to read inside a badge shell; emphasize iconic shape first, surface detail second.","no text, no letters, no numbers, no logo, no badge frame, no border, no background scene, no landscape, no room interior, no people, no hands, no character, no extra objects, no collage, no cropped object, no cut-off edges, no low detail, no blurry render, no watercolor, no sketch lines, no photobash clutter"
exploration,64,cubesat,CUB,CubeSat,CubeSat,ready,C:\Users\amyle\Documents\New project\static\badges\pyr\center-art\exploration\cubesat.png,"CubeSat. Subject: a single CubeSat. Centered premium holographic sci-fi render, dark transparent background, crisp silhouette, badge-ready.","Create a premium center illustration for a game badge about CubeSat. Primary subject: a single CubeSat. Visual goal: one instantly readable hero object that clearly represents the named item at small size. Style: polished holographic sci-fi prop render, exploration achievement, survey prestige, advanced sci-fi discovery, collectible game achievement art, clean high-contrast silhouette, premium materials, subtle bevels, luminous edge lighting, restrained reflections, elegant futuristic finish. Composition: one centered object only, large in frame, isolated on a dark transparent background, no container, no scene, no additional props, no decorative frame. Color direction: blue, teal, green, purple, golden yellow, yellow accents, pink, all hues of blue, and electric cyan glow accents. Rendering notes: object should feel dimensional and cool, but still simple enough to read inside a badge shell; emphasize iconic shape first, surface detail second.","no text, no letters, no numbers, no logo, no badge frame, no border, no background scene, no landscape, no room interior, no people, no hands, no character, no extra objects, no collage, no cropped object, no cut-off edges, no low detail, no blurry render, no watercolor, no sketch lines, no photobash clutter"
exploration,65,star-tracker,ST,Star Tracker,Star Tracker,ready,C:\Users\amyle\Documents\New project\static\badges\pyr\center-art\exploration\star-tracker.png,"Star Tracker. Subject: a single Star Tracker. Centered premium holographic sci-fi render, dark transparent background, crisp silhouette, badge-ready.","Create a premium center illustration for a game badge about Star Tracker. Primary subject: a single Star Tracker. Visual goal: one instantly readable hero object that clearly represents the named item at small size. Style: polished holographic sci-fi prop render, exploration achievement, survey prestige, advanced sci-fi discovery, collectible game achievement art, clean high-contrast silhouette, premium materials, subtle bevels, luminous edge lighting, restrained reflections, elegant futuristic finish. Composition: one centered object only, large in frame, isolated on a dark transparent background, no container, no scene, no additional props, no decorative frame. Color direction: blue, teal, green, purple, golden yellow, yellow accents, pink, all hues of blue, and electric cyan glow accents. Rendering notes: object should feel dimensional and cool, but still simple enough to read inside a badge shell; emphasize iconic shape first, surface detail second.","no text, no letters, no numbers, no logo, no badge frame, no border, no background scene, no landscape, no room interior, no people, no hands, no character, no extra objects, no collage, no cropped object, no cut-off edges, no low detail, no blurry render, no watercolor, no sketch lines, no photobash clutter"
exploration,66,probe,PRO,Probe,Probe,ready,C:\Users\amyle\Documents\New project\static\badges\pyr\center-art\exploration\probe.png,"Probe. Subject: a single Probe. Centered premium holographic sci-fi render, dark transparent background, crisp silhouette, badge-ready.","Create a premium center illustration for a game badge about Probe. Primary subject: a single Probe. Visual goal: one instantly readable hero object that clearly represents the named item at small size. Style: polished holographic sci-fi prop render, exploration achievement, survey prestige, advanced sci-fi discovery, collectible game achievement art, clean high-contrast silhouette, premium materials, subtle bevels, luminous edge lighting, restrained reflections, elegant futuristic finish. Composition: one centered object only, large in frame, isolated on a dark transparent background, no container, no scene, no additional props, no decorative frame. Color direction: blue, teal, green, purple, golden yellow, yellow accents, pink, all hues of blue, and electric cyan glow accents. Rendering notes: object should feel dimensional and cool, but still simple enough to read inside a badge shell; emphasize iconic shape first, surface detail second.","no text, no letters, no numbers, no logo, no badge frame, no border, no background scene, no landscape, no room interior, no people, no hands, no character, no extra objects, no collage, no cropped object, no cut-off edges, no low detail, no blurry render, no watercolor, no sketch lines, no photobash clutter"
exploration,67,cpu,CPU,CPU,CPU,ready,C:\Users\amyle\Documents\New project\static\badges\pyr\center-art\exploration\cpu.png,"CPU. Subject: a CPU chip package with pins and a readable central die. Centered premium holographic sci-fi render, dark transparent background, crisp silhouette, badge-ready.","Create a premium center illustration for a game badge about CPU. Primary subject: a CPU chip package with pins and a readable central die. Visual goal: one instantly readable hero object that clearly represents the named item at small size. Style: polished holographic sci-fi prop render, exploration achievement, survey prestige, advanced sci-fi discovery, collectible game achievement art, clean high-contrast silhouette, premium materials, subtle bevels, luminous edge lighting, restrained reflections, elegant futuristic finish. Composition: one centered object only, large in frame, isolated on a dark transparent background, no container, no scene, no additional props, no decorative frame. Color direction: blue, teal, green, purple, golden yellow, yellow accents, pink, all hues of blue, and electric cyan glow accents. Rendering notes: object should feel dimensional and cool, but still simple enough to read inside a badge shell; emphasize iconic shape first, surface detail second.","no text, no letters, no numbers, no logo, no badge frame, no border, no background scene, no landscape, no room interior, no people, no hands, no character, no extra objects, no collage, no cropped object, no cut-off edges, no low detail, no blurry render, no watercolor, no sketch lines, no photobash clutter"
exploration,68,gpu,GPU,GPU,GPU,ready,C:\Users\amyle\Documents\New project\static\badges\pyr\center-art\exploration\gpu.png,"GPU. Subject: a GPU module or card with a visible cooling core. Centered premium holographic sci-fi render, dark transparent background, crisp silhouette, badge-ready.","Create a premium center illustration for a game badge about GPU. Primary subject: a GPU module or card with a visible cooling core. Visual goal: one instantly readable hero object that clearly represents the named item at small size. Style: polished holographic sci-fi prop render, exploration achievement, survey prestige, advanced sci-fi discovery, collectible game achievement art, clean high-contrast silhouette, premium materials, subtle bevels, luminous edge lighting, restrained reflections, elegant futuristic finish. Composition: one centered object only, large in frame, isolated on a dark transparent background, no container, no scene, no additional props, no decorative frame. Color direction: blue, teal, green, purple, golden yellow, yellow accents, pink, all hues of blue, and electric cyan glow accents. Rendering notes: object should feel dimensional and cool, but still simple enough to read inside a badge shell; emphasize iconic shape first, surface detail second.","no text, no letters, no numbers, no logo, no badge frame, no border, no background scene, no landscape, no room interior, no people, no hands, no character, no extra objects, no collage, no cropped object, no cut-off edges, no low detail, no blurry render, no watercolor, no sketch lines, no photobash clutter"
exploration,69,keyboard,KEY,Keyboard,Keyboard,ready,C:\Users\amyle\Documents\New project\static\badges\pyr\center-art\exploration\keyboard.png,"Keyboard. Subject: a single Keyboard. Centered premium holographic sci-fi render, dark transparent background, crisp silhouette, badge-ready.","Create a premium center illustration for a game badge about Keyboard. Primary subject: a single Keyboard. Visual goal: one instantly readable hero object that clearly represents the named item at small size. Style: polished holographic sci-fi prop render, exploration achievement, survey prestige, advanced sci-fi discovery, collectible game achievement art, clean high-contrast silhouette, premium materials, subtle bevels, luminous edge lighting, restrained reflections, elegant futuristic finish. Composition: one centered object only, large in frame, isolated on a dark transparent background, no container, no scene, no additional props, no decorative frame. Color direction: blue, teal, green, purple, golden yellow, yellow accents, pink, all hues of blue, and electric cyan glow accents. Rendering notes: object should feel dimensional and cool, but still simple enough to read inside a badge shell; emphasize iconic shape first, surface detail second.","no text, no letters, no numbers, no logo, no badge frame, no border, no background scene, no landscape, no room interior, no people, no hands, no character, no extra objects, no collage, no cropped object, no cut-off edges, no low detail, no blurry render, no watercolor, no sketch lines, no photobash clutter"
exploration,70,mouse,MOU,Mouse,Mouse,ready,C:\Users\amyle\Documents\New project\static\badges\pyr\center-art\exploration\mouse.png,"Mouse. Subject: a single Mouse. Centered premium holographic sci-fi render, dark transparent background, crisp silhouette, badge-ready.","Create a premium center illustration for a game badge about Mouse. Primary subject: a single Mouse. Visual goal: one instantly readable hero object that clearly represents the named item at small size. Style: polished holographic sci-fi prop render, exploration achievement, survey prestige, advanced sci-fi discovery, collectible game achievement art, clean high-contrast silhouette, premium materials, subtle bevels, luminous edge lighting, restrained reflections, elegant futuristic finish. Composition: one centered object only, large in frame, isolated on a dark transparent background, no container, no scene, no additional props, no decorative frame. Color direction: blue, teal, green, purple, golden yellow, yellow accents, pink, all hues of blue, and electric cyan glow accents. Rendering notes: object should feel dimensional and cool, but still simple enough to read inside a badge shell; emphasize iconic shape first, surface detail second.","no text, no letters, no numbers, no logo, no badge frame, no border, no background scene, no landscape, no room interior, no people, no hands, no character, no extra objects, no collage, no cropped object, no cut-off edges, no low detail, no blurry render, no watercolor, no sketch lines, no photobash clutter"
exploration,71,monitor,MON,Monitor,Monitor,ready,C:\Users\amyle\Documents\New project\static\badges\pyr\center-art\exploration\monitor.png,"Monitor. Subject: a single Monitor. Centered premium holographic sci-fi render, dark transparent background, crisp silhouette, badge-ready.","Create a premium center illustration for a game badge about Monitor. Primary subject: a single Monitor. Visual goal: one instantly readable hero object that clearly represents the named item at small size. Style: polished holographic sci-fi prop render, exploration achievement, survey prestige, advanced sci-fi discovery, collectible game achievement art, clean high-contrast silhouette, premium materials, subtle bevels, luminous edge lighting, restrained reflections, elegant futuristic finish. Composition: one centered object only, large in frame, isolated on a dark transparent background, no container, no scene, no additional props, no decorative frame. Color direction: blue, teal, green, purple, golden yellow, yellow accents, pink, all hues of blue, and electric cyan glow accents. Rendering notes: object should feel dimensional and cool, but still simple enough to read inside a badge shell; emphasize iconic shape first, surface detail second.","no text, no letters, no numbers, no logo, no badge frame, no border, no background scene, no landscape, no room interior, no people, no hands, no character, no extra objects, no collage, no cropped object, no cut-off edges, no low detail, no blurry render, no watercolor, no sketch lines, no photobash clutter"
exploration,72,server,SER,Server,Server,ready,C:\Users\amyle\Documents\New project\static\badges\pyr\center-art\exploration\server.png,"Server. Subject: a compact stack of server or storage modules. Centered premium holographic sci-fi render, dark transparent background, crisp silhouette, badge-ready.","Create a premium center illustration for a game badge about Server. Primary subject: a compact stack of server or storage modules. Visual goal: one instantly readable hero object that clearly represents the named item at small size. Style: polished holographic sci-fi prop render, exploration achievement, survey prestige, advanced sci-fi discovery, collectible game achievement art, clean high-contrast silhouette, premium materials, subtle bevels, luminous edge lighting, restrained reflections, elegant futuristic finish. Composition: one centered object only, large in frame, isolated on a dark transparent background, no container, no scene, no additional props, no decorative frame. Color direction: blue, teal, green, purple, golden yellow, yellow accents, pink, all hues of blue, and electric cyan glow accents. Rendering notes: object should feel dimensional and cool, but still simple enough to read inside a badge shell; emphasize iconic shape first, surface detail second.","no text, no letters, no numbers, no logo, no badge frame, no border, no background scene, no landscape, no room interior, no people, no hands, no character, no extra objects, no collage, no cropped object, no cut-off edges, no low detail, no blurry render, no watercolor, no sketch lines, no photobash clutter"
exploration,73,cloud,CLO,Cloud,Cloud,ready,C:\Users\amyle\Documents\New project\static\badges\pyr\center-art\exploration\cloud.png,"Cloud. Subject: a single Cloud. Centered premium holographic sci-fi render, dark transparent background, crisp silhouette, badge-ready.","Create a premium center illustration for a game badge about Cloud. Primary subject: a single Cloud. Visual goal: one instantly readable hero object that clearly represents the named item at small size. Style: polished holographic sci-fi prop render, exploration achievement, survey prestige, advanced sci-fi discovery, collectible game achievement art, clean high-contrast silhouette, premium materials, subtle bevels, luminous edge lighting, restrained reflections, elegant futuristic finish. Composition: one centered object only, large in frame, isolated on a dark transparent background, no container, no scene, no additional props, no decorative frame. Color direction: blue, teal, green, purple, golden yellow, yellow accents, pink, all hues of blue, and electric cyan glow accents. Rendering notes: object should feel dimensional and cool, but still simple enough to read inside a badge shell; emphasize iconic shape first, surface detail second.","no text, no letters, no numbers, no logo, no badge frame, no border, no background scene, no landscape, no room interior, no people, no hands, no character, no extra objects, no collage, no cropped object, no cut-off edges, no low detail, no blurry render, no watercolor, no sketch lines, no photobash clutter"
exploration,74,storage,STO,Storage,Storage,ready,C:\Users\amyle\Documents\New project\static\badges\pyr\center-art\exploration\storage.png,"Storage. Subject: a compact stack of server or storage modules. Centered premium holographic sci-fi render, dark transparent background, crisp silhouette, badge-ready.","Create a premium center illustration for a game badge about Storage. Primary subject: a compact stack of server or storage modules. Visual goal: one instantly readable hero object that clearly represents the named item at small size. Style: polished holographic sci-fi prop render, exploration achievement, survey prestige, advanced sci-fi discovery, collectible game achievement art, clean high-contrast silhouette, premium materials, subtle bevels, luminous edge lighting, restrained reflections, elegant futuristic finish. Composition: one centered object only, large in frame, isolated on a dark transparent background, no container, no scene, no additional props, no decorative frame. Color direction: blue, teal, green, purple, golden yellow, yellow accents, pink, all hues of blue, and electric cyan glow accents. Rendering notes: object should feel dimensional and cool, but still simple enough to read inside a badge shell; emphasize iconic shape first, surface detail second.","no text, no letters, no numbers, no logo, no badge frame, no border, no background scene, no landscape, no room interior, no people, no hands, no character, no extra objects, no collage, no cropped object, no cut-off edges, no low detail, no blurry render, no watercolor, no sketch lines, no photobash clutter"
exploration,75,spare-memory,SM,Spare Memory,Spare Memory,ready,C:\Users\amyle\Documents\New project\static\badges\pyr\center-art\exploration\spare-memory.png,"Spare Memory. Subject: a single Spare Memory. Centered premium holographic sci-fi render, dark transparent background, crisp silhouette, badge-ready.","Create a premium center illustration for a game badge about Spare Memory. Primary subject: a single Spare Memory. Visual goal: one instantly readable hero object that clearly represents the named item at small size. Style: polished holographic sci-fi prop render, exploration achievement, survey prestige, advanced sci-fi discovery, collectible game achievement art, clean high-contrast silhouette, premium materials, subtle bevels, luminous edge lighting, restrained reflections, elegant futuristic finish. Composition: one centered object only, large in frame, isolated on a dark transparent background, no container, no scene, no additional props, no decorative frame. Color direction: blue, teal, green, purple, golden yellow, yellow accents, pink, all hues of blue, and electric cyan glow accents. Rendering notes: object should feel dimensional and cool, but still simple enough to read inside a badge shell; emphasize iconic shape first, surface detail second.","no text, no letters, no numbers, no logo, no badge frame, no border, no background scene, no landscape, no room interior, no people, no hands, no character, no extra objects, no collage, no cropped object, no cut-off edges, no low detail, no blurry render, no watercolor, no sketch lines, no photobash clutter"
exploration,76,bit-to-petabyte,BP,Bit To Petabyte,Bit to Petabyte,ready,C:\Users\amyle\Documents\New project\static\badges\pyr\center-art\exploration\bit-to-petabyte.png,"Bit To Petabyte. Subject: a single Bit to Petabyte. Centered premium holographic sci-fi render, dark transparent background, crisp silhouette, badge-ready.","Create a premium center illustration for a game badge about Bit To Petabyte. Primary subject: a single Bit to Petabyte. Visual goal: one instantly readable hero object that clearly represents the named item at small size. Style: polished holographic sci-fi prop render, exploration achievement, survey prestige, advanced sci-fi discovery, collectible game achievement art, clean high-contrast silhouette, premium materials, subtle bevels, luminous edge lighting, restrained reflections, elegant futuristic finish. Composition: one centered object only, large in frame, isolated on a dark transparent background, no container, no scene, no additional props, no decorative frame. Color direction: blue, teal, green, purple, golden yellow, yellow accents, pink, all hues of blue, and electric cyan glow accents. Rendering notes: object should feel dimensional and cool, but still simple enough to read inside a badge shell; emphasize iconic shape first, surface detail second.","no text, no letters, no numbers, no logo, no badge frame, no border, no background scene, no landscape, no room interior, no people, no hands, no character, no extra objects, no collage, no cropped object, no cut-off edges, no low detail, no blurry render, no watercolor, no sketch lines, no photobash clutter"
exploration,77,computing-cluster,CC,Computing Cluster,Computing Cluster,ready,C:\Users\amyle\Documents\New project\static\badges\pyr\center-art\exploration\computing-cluster.png,"Computing Cluster. Subject: a compact stack of server or storage modules. Centered premium holographic sci-fi render, dark transparent background, crisp silhouette, badge-ready.","Create a premium center illustration for a game badge about Computing Cluster. Primary subject: a compact stack of server or storage modules. Visual goal: one instantly readable hero object that clearly represents the named item at small size. Style: polished holographic sci-fi prop render, exploration achievement, survey prestige, advanced sci-fi discovery, collectible game achievement art, clean high-contrast silhouette, premium materials, subtle bevels, luminous edge lighting, restrained reflections, elegant futuristic finish. Composition: one centered object only, large in frame, isolated on a dark transparent background, no container, no scene, no additional props, no decorative frame. Color direction: blue, teal, green, purple, golden yellow, yellow accents, pink, all hues of blue, and electric cyan glow accents. Rendering notes: object should feel dimensional and cool, but still simple enough to read inside a badge shell; emphasize iconic shape first, surface detail second.","no text, no letters, no numbers, no logo, no badge frame, no border, no background scene, no landscape, no room interior, no people, no hands, no character, no extra objects, no collage, no cropped object, no cut-off edges, no low detail, no blurry render, no watercolor, no sketch lines, no photobash clutter"
exploration,78,artificial-intelligence-ai-processor,AIA,Artificial Intelligence (AI) Processor,Artificial Intelligence (AI) Processor,ready,C:\Users\amyle\Documents\New project\static\badges\pyr\center-art\exploration\artificial-intelligence-ai-processor.png,"Artificial Intelligence (AI) Processor. Subject: a single Artificial Intelligence (AI) Processor. Centered premium holographic sci-fi render, dark transparent background, crisp silhouette, badge-ready.","Create a premium center illustration for a game badge about Artificial Intelligence (AI) Processor. Primary subject: a single Artificial Intelligence (AI) Processor. Visual goal: one instantly readable hero object that clearly represents the named item at small size. Style: polished holographic sci-fi prop render, exploration achievement, survey prestige, advanced sci-fi discovery, collectible game achievement art, clean high-contrast silhouette, premium materials, subtle bevels, luminous edge lighting, restrained reflections, elegant futuristic finish. Composition: one centered object only, large in frame, isolated on a dark transparent background, no container, no scene, no additional props, no decorative frame. Color direction: blue, teal, green, purple, golden yellow, yellow accents, pink, all hues of blue, and electric cyan glow accents. Rendering notes: object should feel dimensional and cool, but still simple enough to read inside a badge shell; emphasize iconic shape first, surface detail second.","no text, no letters, no numbers, no logo, no badge frame, no border, no background scene, no landscape, no room interior, no people, no hands, no character, no extra objects, no collage, no cropped object, no cut-off edges, no low detail, no blurry render, no watercolor, no sketch lines, no photobash clutter"
exploration,79,machine-learning-kit-for-robots,MLR,Machine Learning Kit For Robots,Machine Learning Kit for Robots,ready,C:\Users\amyle\Documents\New project\static\badges\pyr\center-art\exploration\machine-learning-kit-for-robots.png,"Machine Learning Kit For Robots. Subject: a single Machine Learning Kit for Robots. Centered premium holographic sci-fi render, dark transparent background, crisp silhouette, badge-ready.","Create a premium center illustration for a game badge about Machine Learning Kit For Robots. Primary subject: a single Machine Learning Kit for Robots. Visual goal: one instantly readable hero object that clearly represents the named item at small size. Style: polished holographic sci-fi prop render, exploration achievement, survey prestige, advanced sci-fi discovery, collectible game achievement art, clean high-contrast silhouette, premium materials, subtle bevels, luminous edge lighting, restrained reflections, elegant futuristic finish. Composition: one centered object only, large in frame, isolated on a dark transparent background, no container, no scene, no additional props, no decorative frame. Color direction: blue, teal, green, purple, golden yellow, yellow accents, pink, all hues of blue, and electric cyan glow accents. Rendering notes: object should feel dimensional and cool, but still simple enough to read inside a badge shell; emphasize iconic shape first, surface detail second.","no text, no letters, no numbers, no logo, no badge frame, no border, no background scene, no landscape, no room interior, no people, no hands, no character, no extra objects, no collage, no cropped object, no cut-off edges, no low detail, no blurry render, no watercolor, no sketch lines, no photobash clutter"
exploration,80,haptic-feedback-system,HF,Haptic Feedback System,Haptic Feedback System,ready,C:\Users\amyle\Documents\New project\static\badges\pyr\center-art\exploration\haptic-feedback-system.png,"Haptic Feedback System. Subject: a wearable haptic feedback glove or palm module with visible actuator pads and concentric vibration emitters. Centered premium holographic sci-fi render, dark transparent background, crisp silhouette, badge-ready.","Create a premium center illustration for a game badge about Haptic Feedback System. Primary subject: a wearable haptic feedback glove or palm module with visible actuator pads and concentric vibration emitters. Visual goal: one instantly readable hero object that clearly represents the named item at small size. Style: polished holographic sci-fi prop render, exploration achievement, survey prestige, advanced sci-fi discovery, collectible game achievement art, clean high-contrast silhouette, premium materials, subtle bevels, luminous edge lighting, restrained reflections, elegant futuristic finish. Composition: one centered object only, large in frame, isolated on a dark transparent background, no container, no scene, no additional props, no decorative frame. Color direction: blue, teal, green, purple, golden yellow, yellow accents, pink, all hues of blue, and electric cyan glow accents. Rendering notes: object should feel dimensional and cool, but still simple enough to read inside a badge shell; emphasize iconic shape first, surface detail second.","no text, no letters, no numbers, no logo, no badge frame, no border, no background scene, no landscape, no room interior, no people, no hands, no character, no extra objects, no collage, no cropped object, no cut-off edges, no low detail, no blurry render, no watercolor, no sketch lines, no photobash clutter"
exploration,81,robotic-exoskeleton,RE,Robotic Exoskeleton,Robotic Exoskeleton,ready,C:\Users\amyle\Documents\New project\static\badges\pyr\center-art\exploration\robotic-exoskeleton.png,"Robotic Exoskeleton. Subject: a single Robotic Exoskeleton. Centered premium holographic sci-fi render, dark transparent background, crisp silhouette, badge-ready.","Create a premium center illustration for a game badge about Robotic Exoskeleton. Primary subject: a single Robotic Exoskeleton. Visual goal: one instantly readable hero object that clearly represents the named item at small size. Style: polished holographic sci-fi prop render, exploration achievement, survey prestige, advanced sci-fi discovery, collectible game achievement art, clean high-contrast silhouette, premium materials, subtle bevels, luminous edge lighting, restrained reflections, elegant futuristic finish. Composition: one centered object only, large in frame, isolated on a dark transparent background, no container, no scene, no additional props, no decorative frame. Color direction: blue, teal, green, purple, golden yellow, yellow accents, pink, all hues of blue, and electric cyan glow accents. Rendering notes: object should feel dimensional and cool, but still simple enough to read inside a badge shell; emphasize iconic shape first, surface detail second.","no text, no letters, no numbers, no logo, no badge frame, no border, no background scene, no landscape, no room interior, no people, no hands, no character, no extra objects, no collage, no cropped object, no cut-off edges, no low detail, no blurry render, no watercolor, no sketch lines, no photobash clutter"
exploration,82,flexible-electronic-skin-e-skin,FES,Flexible Electronic Skin (e-skin),Flexible Electronic Skin (e-skin),ready,C:\Users\amyle\Documents\New project\static\badges\pyr\center-art\exploration\flexible-electronic-skin-e-skin.png,"Flexible Electronic Skin (e-skin). Subject: a single Flexible Electronic Skin (e-skin). Centered premium holographic sci-fi render, dark transparent background, crisp silhouette, badge-ready.","Create a premium center illustration for a game badge about Flexible Electronic Skin (e-skin). Primary subject: a single Flexible Electronic Skin (e-skin). Visual goal: one instantly readable hero object that clearly represents the named item at small size. Style: polished holographic sci-fi prop render, exploration achievement, survey prestige, advanced sci-fi discovery, collectible game achievement art, clean high-contrast silhouette, premium materials, subtle bevels, luminous edge lighting, restrained reflections, elegant futuristic finish. Composition: one centered object only, large in frame, isolated on a dark transparent background, no container, no scene, no additional props, no decorative frame. Color direction: blue, teal, green, purple, golden yellow, yellow accents, pink, all hues of blue, and electric cyan glow accents. Rendering notes: object should feel dimensional and cool, but still simple enough to read inside a badge shell; emphasize iconic shape first, surface detail second.","no text, no letters, no numbers, no logo, no badge frame, no border, no background scene, no landscape, no room interior, no people, no hands, no character, no extra objects, no collage, no cropped object, no cut-off edges, no low detail, no blurry render, no watercolor, no sketch lines, no photobash clutter"
exploration,83,biosensor,BIO,Biosensor,Biosensor,ready,C:\Users\amyle\Documents\New project\static\badges\pyr\center-art\exploration\biosensor.png,"Biosensor. Subject: a single Biosensor. Centered premium holographic sci-fi render, dark transparent background, crisp silhouette, badge-ready.","Create a premium center illustration for a game badge about Biosensor. Primary subject: a single Biosensor. Visual goal: one instantly readable hero object that clearly represents the named item at small size. Style: polished holographic sci-fi prop render, exploration achievement, survey prestige, advanced sci-fi discovery, collectible game achievement art, clean high-contrast silhouette, premium materials, subtle bevels, luminous edge lighting, restrained reflections, elegant futuristic finish. Composition: one centered object only, large in frame, isolated on a dark transparent background, no container, no scene, no additional props, no decorative frame. Color direction: blue, teal, green, purple, golden yellow, yellow accents, pink, all hues of blue, and electric cyan glow accents. Rendering notes: object should feel dimensional and cool, but still simple enough to read inside a badge shell; emphasize iconic shape first, surface detail second.","no text, no letters, no numbers, no logo, no badge frame, no border, no background scene, no landscape, no room interior, no people, no hands, no character, no extra objects, no collage, no cropped object, no cut-off edges, no low detail, no blurry render, no watercolor, no sketch lines, no photobash clutter"
exploration,84,quantum-sensor,QS,Quantum Sensor,Quantum Sensor,ready,C:\Users\amyle\Documents\New project\static\badges\pyr\center-art\exploration\quantum-sensor.png,"Quantum Sensor. Subject: a futuristic scientific sensor core with precise instrument detailing. Centered premium holographic sci-fi render, dark transparent background, crisp silhouette, badge-ready.","Create a premium center illustration for a game badge about Quantum Sensor. Primary subject: a futuristic scientific sensor core with precise instrument detailing. Visual goal: one instantly readable hero object that clearly represents the named item at small size. Style: polished holographic sci-fi prop render, exploration achievement, survey prestige, advanced sci-fi discovery, collectible game achievement art, clean high-contrast silhouette, premium materials, subtle bevels, luminous edge lighting, restrained reflections, elegant futuristic finish. Composition: one centered object only, large in frame, isolated on a dark transparent background, no container, no scene, no additional props, no decorative frame. Color direction: blue, teal, green, purple, golden yellow, yellow accents, pink, all hues of blue, and electric cyan glow accents. Rendering notes: object should feel dimensional and cool, but still simple enough to read inside a badge shell; emphasize iconic shape first, surface detail second.","no text, no letters, no numbers, no logo, no badge frame, no border, no background scene, no landscape, no room interior, no people, no hands, no character, no extra objects, no collage, no cropped object, no cut-off edges, no low detail, no blurry render, no watercolor, no sketch lines, no photobash clutter"
exploration,85,advanced-lidar-system,AL,Advanced LiDAR System,Advanced LiDAR System,ready,C:\Users\amyle\Documents\New project\static\badges\pyr\center-art\exploration\advanced-lidar-system.png,"Advanced LiDAR System. Subject: a LiDAR sensor module with a rotating optical head. Centered premium holographic sci-fi render, dark transparent background, crisp silhouette, badge-ready.","Create a premium center illustration for a game badge about Advanced LiDAR System. Primary subject: a LiDAR sensor module with a rotating optical head. Visual goal: one instantly readable hero object that clearly represents the named item at small size. Style: polished holographic sci-fi prop render, exploration achievement, survey prestige, advanced sci-fi discovery, collectible game achievement art, clean high-contrast silhouette, premium materials, subtle bevels, luminous edge lighting, restrained reflections, elegant futuristic finish. Composition: one centered object only, large in frame, isolated on a dark transparent background, no container, no scene, no additional props, no decorative frame. Color direction: blue, teal, green, purple, golden yellow, yellow accents, pink, all hues of blue, and electric cyan glow accents. Rendering notes: object should feel dimensional and cool, but still simple enough to read inside a badge shell; emphasize iconic shape first, surface detail second.","no text, no letters, no numbers, no logo, no badge frame, no border, no background scene, no landscape, no room interior, no people, no hands, no character, no extra objects, no collage, no cropped object, no cut-off edges, no low detail, no blurry render, no watercolor, no sketch lines, no photobash clutter"
exploration,86,microbot-swarm,MS,Microbot Swarm,Microbot Swarm,ready,C:\Users\amyle\Documents\New project\static\badges\pyr\center-art\exploration\microbot-swarm.png,"Microbot Swarm. Subject: a coordinated swarm of tiny microbots orbiting a luminous command core in a tight, readable formation. Centered premium holographic sci-fi render, dark transparent background, crisp silhouette, badge-ready.","Create a premium center illustration for a game badge about Microbot Swarm. Primary subject: a coordinated swarm of tiny microbots orbiting a luminous command core in a tight, readable formation. Visual goal: one instantly readable hero object that clearly represents the named item at small size. Style: polished holographic sci-fi prop render, exploration achievement, survey prestige, advanced sci-fi discovery, collectible game achievement art, clean high-contrast silhouette, premium materials, subtle bevels, luminous edge lighting, restrained reflections, elegant futuristic finish. Composition: one centered object only, large in frame, isolated on a dark transparent background, no container, no scene, no additional props, no decorative frame. Color direction: blue, teal, green, purple, golden yellow, yellow accents, pink, all hues of blue, and electric cyan glow accents. Rendering notes: object should feel dimensional and cool, but still simple enough to read inside a badge shell; emphasize iconic shape first, surface detail second.","no text, no letters, no numbers, no logo, no badge frame, no border, no background scene, no landscape, no room interior, no people, no hands, no character, no extra objects, no collage, no cropped object, no cut-off edges, no low detail, no blurry render, no watercolor, no sketch lines, no photobash clutter"
exploration,87,dna-nanotechnology,DN,DNA Nanotechnology,DNA Nanotechnology,ready,C:\Users\amyle\Documents\New project\static\badges\pyr\center-art\exploration\dna-nanotechnology.png,"DNA Nanotechnology. Subject: a DNA origami nanostructure: a precise double-helix scaffold folded into an engineered nano-device with elegant scientific detailing. Centered premium holographic sci-fi render, dark transparent background, crisp silhouette, badge-ready.","Create a premium center illustration for a game badge about DNA Nanotechnology. Primary subject: a DNA origami nanostructure: a precise double-helix scaffold folded into an engineered nano-device with elegant scientific detailing. Visual goal: one instantly readable hero object that clearly represents the named item at small size. Style: polished holographic sci-fi prop render, exploration achievement, survey prestige, advanced sci-fi discovery, collectible game achievement art, clean high-contrast silhouette, premium materials, subtle bevels, luminous edge lighting, restrained reflections, elegant futuristic finish. Composition: one centered object only, large in frame, isolated on a dark transparent background, no container, no scene, no additional props, no decorative frame. Color direction: blue, teal, green, purple, golden yellow, yellow accents, pink, all hues of blue, and electric cyan glow accents. Rendering notes: object should feel dimensional and cool, but still simple enough to read inside a badge shell; emphasize iconic shape first, surface detail second.","no text, no letters, no numbers, no logo, no badge frame, no border, no background scene, no landscape, no room interior, no people, no hands, no character, no extra objects, no collage, no cropped object, no cut-off edges, no low detail, no blurry render, no watercolor, no sketch lines, no photobash clutter"
exploration,88,gene-sequencer,GS,Gene Sequencer,Gene Sequencer,ready,C:\Users\amyle\Documents\New project\static\badges\pyr\center-art\exploration\gene-sequencer.png,"Gene Sequencer. Subject: a single Gene Sequencer. Centered premium holographic sci-fi render, dark transparent background, crisp silhouette, badge-ready.","Create a premium center illustration for a game badge about Gene Sequencer. Primary subject: a single Gene Sequencer. Visual goal: one instantly readable hero object that clearly represents the named item at small size. Style: polished holographic sci-fi prop render, exploration achievement, survey prestige, advanced sci-fi discovery, collectible game achievement art, clean high-contrast silhouette, premium materials, subtle bevels, luminous edge lighting, restrained reflections, elegant futuristic finish. Composition: one centered object only, large in frame, isolated on a dark transparent background, no container, no scene, no additional props, no decorative frame. Color direction: blue, teal, green, purple, golden yellow, yellow accents, pink, all hues of blue, and electric cyan glow accents. Rendering notes: object should feel dimensional and cool, but still simple enough to read inside a badge shell; emphasize iconic shape first, surface detail second.","no text, no letters, no numbers, no logo, no badge frame, no border, no background scene, no landscape, no room interior, no people, no hands, no character, no extra objects, no collage, no cropped object, no cut-off edges, no low detail, no blurry render, no watercolor, no sketch lines, no photobash clutter"
exploration,89,nanoscope,NAN,Nanoscope,Nanoscope,ready,C:\Users\amyle\Documents\New project\static\badges\pyr\center-art\exploration\nanoscope.png,"Nanoscope. Subject: a single Nanoscope. Centered premium holographic sci-fi render, dark transparent background, crisp silhouette, badge-ready.","Create a premium center illustration for a game badge about Nanoscope. Primary subject: a single Nanoscope. Visual goal: one instantly readable hero object that clearly represents the named item at small size. Style: polished holographic sci-fi prop render, exploration achievement, survey prestige, advanced sci-fi discovery, collectible game achievement art, clean high-contrast silhouette, premium materials, subtle bevels, luminous edge lighting, restrained reflections, elegant futuristic finish. Composition: one centered object only, large in frame, isolated on a dark transparent background, no container, no scene, no additional props, no decorative frame. Color direction: blue, teal, green, purple, golden yellow, yellow accents, pink, all hues of blue, and electric cyan glow accents. Rendering notes: object should feel dimensional and cool, but still simple enough to read inside a badge shell; emphasize iconic shape first, surface detail second.","no text, no letters, no numbers, no logo, no badge frame, no border, no background scene, no landscape, no room interior, no people, no hands, no character, no extra objects, no collage, no cropped object, no cut-off edges, no low detail, no blurry render, no watercolor, no sketch lines, no photobash clutter"
exploration,90,particle-detector,PD,Particle Detector,Particle Detector,ready,C:\Users\amyle\Documents\New project\static\badges\pyr\center-art\exploration\particle-detector.png,"Particle Detector. Subject: a single Particle Detector. Centered premium holographic sci-fi render, dark transparent background, crisp silhouette, badge-ready.","Create a premium center illustration for a game badge about Particle Detector. Primary subject: a single Particle Detector. Visual goal: one instantly readable hero object that clearly represents the named item at small size. Style: polished holographic sci-fi prop render, exploration achievement, survey prestige, advanced sci-fi discovery, collectible game achievement art, clean high-contrast silhouette, premium materials, subtle bevels, luminous edge lighting, restrained reflections, elegant futuristic finish. Composition: one centered object only, large in frame, isolated on a dark transparent background, no container, no scene, no additional props, no decorative frame. Color direction: blue, teal, green, purple, golden yellow, yellow accents, pink, all hues of blue, and electric cyan glow accents. Rendering notes: object should feel dimensional and cool, but still simple enough to read inside a badge shell; emphasize iconic shape first, surface detail second.","no text, no letters, no numbers, no logo, no badge frame, no border, no background scene, no landscape, no room interior, no people, no hands, no character, no extra objects, no collage, no cropped object, no cut-off edges, no low detail, no blurry render, no watercolor, no sketch lines, no photobash clutter"
exploration,91,quantum-computer,QC,Quantum Computer,Quantum Computer,ready,C:\Users\amyle\Documents\New project\static\badges\pyr\center-art\exploration\quantum-computer.png,"Quantum Computer. Subject: a single Quantum Computer. Centered premium holographic sci-fi render, dark transparent background, crisp silhouette, badge-ready.","Create a premium center illustration for a game badge about Quantum Computer. Primary subject: a single Quantum Computer. Visual goal: one instantly readable hero object that clearly represents the named item at small size. Style: polished holographic sci-fi prop render, exploration achievement, survey prestige, advanced sci-fi discovery, collectible game achievement art, clean high-contrast silhouette, premium materials, subtle bevels, luminous edge lighting, restrained reflections, elegant futuristic finish. Composition: one centered object only, large in frame, isolated on a dark transparent background, no container, no scene, no additional props, no decorative frame. Color direction: blue, teal, green, purple, golden yellow, yellow accents, pink, all hues of blue, and electric cyan glow accents. Rendering notes: object should feel dimensional and cool, but still simple enough to read inside a badge shell; emphasize iconic shape first, surface detail second.","no text, no letters, no numbers, no logo, no badge frame, no border, no background scene, no landscape, no room interior, no people, no hands, no character, no extra objects, no collage, no cropped object, no cut-off edges, no low detail, no blurry render, no watercolor, no sketch lines, no photobash clutter"
exploration,92,fusion-test-chamber,FTC,Fusion Test Chamber,Fusion Test Chamber,ready,C:\Users\amyle\Documents\New project\static\badges\pyr\center-art\exploration\fusion-test-chamber.png,"Fusion Test Chamber. Subject: a single Fusion Test Chamber. Centered premium holographic sci-fi render, dark transparent background, crisp silhouette, badge-ready.","Create a premium center illustration for a game badge about Fusion Test Chamber. Primary subject: a single Fusion Test Chamber. Visual goal: one instantly readable hero object that clearly represents the named item at small size. Style: polished holographic sci-fi prop render, exploration achievement, survey prestige, advanced sci-fi discovery, collectible game achievement art, clean high-contrast silhouette, premium materials, subtle bevels, luminous edge lighting, restrained reflections, elegant futuristic finish. Composition: one centered object only, large in frame, isolated on a dark transparent background, no container, no scene, no additional props, no decorative frame. Color direction: blue, teal, green, purple, golden yellow, yellow accents, pink, all hues of blue, and electric cyan glow accents. Rendering notes: object should feel dimensional and cool, but still simple enough to read inside a badge shell; emphasize iconic shape first, surface detail second.","no text, no letters, no numbers, no logo, no badge frame, no border, no background scene, no landscape, no room interior, no people, no hands, no character, no extra objects, no collage, no cropped object, no cut-off edges, no low detail, no blurry render, no watercolor, no sketch lines, no photobash clutter"
exploration,93,neutrino-detector,ND,Neutrino Detector,Neutrino Detector,ready,C:\Users\amyle\Documents\New project\static\badges\pyr\center-art\exploration\neutrino-detector.png,"Neutrino Detector. Subject: a single Neutrino Detector. Centered premium holographic sci-fi render, dark transparent background, crisp silhouette, badge-ready.","Create a premium center illustration for a game badge about Neutrino Detector. Primary subject: a single Neutrino Detector. Visual goal: one instantly readable hero object that clearly represents the named item at small size. Style: polished holographic sci-fi prop render, exploration achievement, survey prestige, advanced sci-fi discovery, collectible game achievement art, clean high-contrast silhouette, premium materials, subtle bevels, luminous edge lighting, restrained reflections, elegant futuristic finish. Composition: one centered object only, large in frame, isolated on a dark transparent background, no container, no scene, no additional props, no decorative frame. Color direction: blue, teal, green, purple, golden yellow, yellow accents, pink, all hues of blue, and electric cyan glow accents. Rendering notes: object should feel dimensional and cool, but still simple enough to read inside a badge shell; emphasize iconic shape first, surface detail second.","no text, no letters, no numbers, no logo, no badge frame, no border, no background scene, no landscape, no room interior, no people, no hands, no character, no extra objects, no collage, no cropped object, no cut-off edges, no low detail, no blurry render, no watercolor, no sketch lines, no photobash clutter"
exploration,94,deep-sea-observatory,DSO,Deep Sea Observatory,Deep Sea Observatory,ready,C:\Users\amyle\Documents\New project\static\badges\pyr\center-art\exploration\deep-sea-observatory.png,"Deep Sea Observatory. Subject: a single Deep Sea Observatory. Centered premium holographic sci-fi render, dark transparent background, crisp silhouette, badge-ready.","Create a premium center illustration for a game badge about Deep Sea Observatory. Primary subject: a single Deep Sea Observatory. Visual goal: one instantly readable hero object that clearly represents the named item at small size. Style: polished holographic sci-fi prop render, exploration achievement, survey prestige, advanced sci-fi discovery, collectible game achievement art, clean high-contrast silhouette, premium materials, subtle bevels, luminous edge lighting, restrained reflections, elegant futuristic finish. Composition: one centered object only, large in frame, isolated on a dark transparent background, no container, no scene, no additional props, no decorative frame. Color direction: blue, teal, green, purple, golden yellow, yellow accents, pink, all hues of blue, and electric cyan glow accents. Rendering notes: object should feel dimensional and cool, but still simple enough to read inside a badge shell; emphasize iconic shape first, surface detail second.","no text, no letters, no numbers, no logo, no badge frame, no border, no background scene, no landscape, no room interior, no people, no hands, no character, no extra objects, no collage, no cropped object, no cut-off edges, no low detail, no blurry render, no watercolor, no sketch lines, no photobash clutter"
exploration,95,orbital-telescope,OT,Orbital Telescope,Orbital Telescope,ready,C:\Users\amyle\Documents\New project\static\badges\pyr\center-art\exploration\orbital-telescope.png,"Orbital Telescope. Subject: a single Orbital Telescope. Centered premium holographic sci-fi render, dark transparent background, crisp silhouette, badge-ready.","Create a premium center illustration for a game badge about Orbital Telescope. Primary subject: a single Orbital Telescope. Visual goal: one instantly readable hero object that clearly represents the named item at small size. Style: polished holographic sci-fi prop render, exploration achievement, survey prestige, advanced sci-fi discovery, collectible game achievement art, clean high-contrast silhouette, premium materials, subtle bevels, luminous edge lighting, restrained reflections, elegant futuristic finish. Composition: one centered object only, large in frame, isolated on a dark transparent background, no container, no scene, no additional props, no decorative frame. Color direction: blue, teal, green, purple, golden yellow, yellow accents, pink, all hues of blue, and electric cyan glow accents. Rendering notes: object should feel dimensional and cool, but still simple enough to read inside a badge shell; emphasize iconic shape first, surface detail second.","no text, no letters, no numbers, no logo, no badge frame, no border, no background scene, no landscape, no room interior, no people, no hands, no character, no extra objects, no collage, no cropped object, no cut-off edges, no low detail, no blurry render, no watercolor, no sketch lines, no photobash clutter"
exploration,96,planetary-lander,PL,Planetary Lander,Planetary Lander,ready,C:\Users\amyle\Documents\New project\static\badges\pyr\center-art\exploration\planetary-lander.png,"Planetary Lander. Subject: a single Planetary Lander. Centered premium holographic sci-fi render, dark transparent background, crisp silhouette, badge-ready.","Create a premium center illustration for a game badge about Planetary Lander. Primary subject: a single Planetary Lander. Visual goal: one instantly readable hero object that clearly represents the named item at small size. Style: polished holographic sci-fi prop render, exploration achievement, survey prestige, advanced sci-fi discovery, collectible game achievement art, clean high-contrast silhouette, premium materials, subtle bevels, luminous edge lighting, restrained reflections, elegant futuristic finish. Composition: one centered object only, large in frame, isolated on a dark transparent background, no container, no scene, no additional props, no decorative frame. Color direction: blue, teal, green, purple, golden yellow, yellow accents, pink, all hues of blue, and electric cyan glow accents. Rendering notes: object should feel dimensional and cool, but still simple enough to read inside a badge shell; emphasize iconic shape first, surface detail second.","no text, no letters, no numbers, no logo, no badge frame, no border, no background scene, no landscape, no room interior, no people, no hands, no character, no extra objects, no collage, no cropped object, no cut-off edges, no low detail, no blurry render, no watercolor, no sketch lines, no photobash clutter"
exploration,97,swarm-drone-beacon,SDB,Swarm Drone Beacon,Swarm Drone Beacon,ready,C:\Users\amyle\Documents\New project\static\badges\pyr\center-art\exploration\swarm-drone-beacon.png,"Swarm Drone Beacon. Subject: a single Swarm Drone Beacon. Centered premium holographic sci-fi render, dark transparent background, crisp silhouette, badge-ready.","Create a premium center illustration for a game badge about Swarm Drone Beacon. Primary subject: a single Swarm Drone Beacon. Visual goal: one instantly readable hero object that clearly represents the named item at small size. Style: polished holographic sci-fi prop render, exploration achievement, survey prestige, advanced sci-fi discovery, collectible game achievement art, clean high-contrast silhouette, premium materials, subtle bevels, luminous edge lighting, restrained reflections, elegant futuristic finish. Composition: one centered object only, large in frame, isolated on a dark transparent background, no container, no scene, no additional props, no decorative frame. Color direction: blue, teal, green, purple, golden yellow, yellow accents, pink, all hues of blue, and electric cyan glow accents. Rendering notes: object should feel dimensional and cool, but still simple enough to read inside a badge shell; emphasize iconic shape first, surface detail second.","no text, no letters, no numbers, no logo, no badge frame, no border, no background scene, no landscape, no room interior, no people, no hands, no character, no extra objects, no collage, no cropped object, no cut-off edges, no low detail, no blurry render, no watercolor, no sketch lines, no photobash clutter"
exploration,98,exoplanet-imager,EI,Exoplanet Imager,Exoplanet Imager,ready,C:\Users\amyle\Documents\New project\static\badges\pyr\center-art\exploration\exoplanet-imager.png,"Exoplanet Imager. Subject: a single Exoplanet Imager. Centered premium holographic sci-fi render, dark transparent background, crisp silhouette, badge-ready.","Create a premium center illustration for a game badge about Exoplanet Imager. Primary subject: a single Exoplanet Imager. Visual goal: one instantly readable hero object that clearly represents the named item at small size. Style: polished holographic sci-fi prop render, exploration achievement, survey prestige, advanced sci-fi discovery, collectible game achievement art, clean high-contrast silhouette, premium materials, subtle bevels, luminous edge lighting, restrained reflections, elegant futuristic finish. Composition: one centered object only, large in frame, isolated on a dark transparent background, no container, no scene, no additional props, no decorative frame. Color direction: blue, teal, green, purple, golden yellow, yellow accents, pink, all hues of blue, and electric cyan glow accents. Rendering notes: object should feel dimensional and cool, but still simple enough to read inside a badge shell; emphasize iconic shape first, surface detail second.","no text, no letters, no numbers, no logo, no badge frame, no border, no background scene, no landscape, no room interior, no people, no hands, no character, no extra objects, no collage, no cropped object, no cut-off edges, no low detail, no blurry render, no watercolor, no sketch lines, no photobash clutter"
exploration,99,dark-matter-array,DMA,Dark Matter Array,Dark Matter Array,ready,C:\Users\amyle\Documents\New project\static\badges\pyr\center-art\exploration\dark-matter-array.png,"Dark Matter Array. Subject: a single Dark Matter Array. Centered premium holographic sci-fi render, dark transparent background, crisp silhouette, badge-ready.","Create a premium center illustration for a game badge about Dark Matter Array. Primary subject: a single Dark Matter Array. Visual goal: one instantly readable hero object that clearly represents the named item at small size. Style: polished holographic sci-fi prop render, exploration achievement, survey prestige, advanced sci-fi discovery, collectible game achievement art, clean high-contrast silhouette, premium materials, subtle bevels, luminous edge lighting, restrained reflections, elegant futuristic finish. Composition: one centered object only, large in frame, isolated on a dark transparent background, no container, no scene, no additional props, no decorative frame. Color direction: blue, teal, green, purple, golden yellow, yellow accents, pink, all hues of blue, and electric cyan glow accents. Rendering notes: object should feel dimensional and cool, but still simple enough to read inside a badge shell; emphasize iconic shape first, surface detail second.","no text, no letters, no numbers, no logo, no badge frame, no border, no background scene, no landscape, no room interior, no people, no hands, no character, no extra objects, no collage, no cropped object, no cut-off edges, no low detail, no blurry render, no watercolor, no sketch lines, no photobash clutter"
exploration,100,interstellar-probe,IP,Interstellar Probe,Interstellar Probe,ready,C:\Users\amyle\Documents\New project\static\badges\pyr\center-art\exploration\interstellar-probe.png,"Interstellar Probe. Subject: a single Interstellar Probe. Centered premium holographic sci-fi render, dark transparent background, crisp silhouette, badge-ready.","Create a premium center illustration for a game badge about Interstellar Probe. Primary subject: a single Interstellar Probe. Visual goal: one instantly readable hero object that clearly represents the named item at small size. Style: polished holographic sci-fi prop render, exploration achievement, survey prestige, advanced sci-fi discovery, collectible game achievement art, clean high-contrast silhouette, premium materials, subtle bevels, luminous edge lighting, restrained reflections, elegant futuristic finish. Composition: one centered object only, large in frame, isolated on a dark transparent background, no container, no scene, no additional props, no decorative frame. Color direction: blue, teal, green, purple, golden yellow, yellow accents, pink, all hues of blue, and electric cyan glow accents. Rendering notes: object should feel dimensional and cool, but still simple enough to read inside a badge shell; emphasize iconic shape first, surface detail second.","no text, no letters, no numbers, no logo, no badge frame, no border, no background scene, no landscape, no room interior, no people, no hands, no character, no extra objects, no collage, no cropped object, no cut-off edges, no low detail, no blurry render, no watercolor, no sketch lines, no photobash clutter"
